id,date,amount,description
19049709,01/02/16,"4,25",BRADESCO VIDA PREV-SEG.VIDA
17899571,01/02/16,"10,25",CASA DE PAES VALENZA
20304573,01/02/16,"86,86",CHURRASC SEM LIMITES
35622577,01/02/16,"17,3",DROGA LIA II
35622577,01/02/16,"15,36",DROGA LIA II
35622577,01/02/16,"1077,29",FINAN 5/205
18621297,01/02/16,11,LANCHES PAULISTINHA
9589230,01/02/16,"33,5",MERCES MAT DE CONSTRUC
9589230,01/02/16,20,MERCES MAT DE CONSTRUC
20304573,01/02/16,"36,4",MULTI MARKET JD BANG
20304573,01/02/16,1000,SUPER NOVA
17899571,01/03/16,215,AGRICOLA HELENA LTDA
17899571,01/03/16,"8,5",AUTO POSTO CADILLAC
19049709,01/03/16,"4,25",BRADESCO VIDA PREV-SEG.VIDA
35622577,01/03/16,"31,83",CHURRASCARIA DO JOILDO
17899571,01/03/16,70,COMERCIAL SULCOCO
22767856,01/03/16,"25,4",GOURMET E JUICE
35622577,01/03/16,"42,9",LE DOLCERIE LTDA
17899571,01/03/16,"6,3",MEGA PAO
23515122,01/03/16,"7,69",SUPERMERCADO BOM PRE
23349426,01/04/14,50,AUTO POSTO BAETA NEVES
18621297,01/04/14,"23,89",DANNY COSMETICOS
35622577,01/04/15,"16,5",JK EMPORIO DE CHOCOL
9589230,01/04/15,35,RECARGA PRE PAGO
22767856,01/04/15,95,TREVO SERV AUTOMOTIV
17899571,01/06/15,100,AUTO POSTO AGUIA SX
18621297,01/06/15,"25,87",BOA SUPERMERCADOS LJ
35622577,01/06/15,"328,83",COND MAIO
35622577,01/06/15,"1086,78",FINAN 17/300
9589230,01/06/15,"54,39",LE BISCUIT
23139853,01/06/15,"128,91",LOJAS AMERICANAS  1116
23139853,01/06/15,"100,9",POSTO REGISTRO
9589230,01/06/15,35,RECARGA PRE PAGO
9589230,01/07/14,105,CASA DAS FERRAGENS
9589230,01/07/14,"23,02",FARMACIA VENTIN
24092021,01/07/15,50,AUTO POSTO ABEL GALI
9589230,01/08/14,50,POSTO DOIS LEOES
22767856,01/09/14,"652,39",CARRO AGO14
35622577,01/09/14,"30,51",EXTRA HIPER LJ 2412-RA
35622577,01/09/14,"1097,39",FINANCIAMENTO 8/300
20304573,01/09/14,49,PET SHOP FAIM LTDA -
9589230,01/09/14,14,RECARGA PRE PAGO
20304573,01/09/14,27,REST JD BANGU
25451293,01/09/15,"5,5",BRADESCO VIDA PREV-SEG.VIDA
18621297,01/09/15,"53,8",HABIBS
35622577,01/10/14,16,PALETERIA MEXICANA
19049709,01/10/15,"3,83",BRADESCO VIDA PREV-SEG.VIDA
35622577,01/10/15,"7,38",WAL MART LOJA 1023
9589230,01/12/14,"119,85",BOM PRECO B 520 HIPE
9589230,01/12/14,"129,99",BOM PRECO B 520 HIPE
19049709,01/12/14,"3,7",BRADESCO VIDA PREV-SEG.VIDA
18621297,01/12/14,51,CASA DE MASSAS PRUDENT
9375037,01/12/14,"139,8",CASAS BAHIA 1773
17899571,01/12/14,29,CHURRASC  41
35622577,01/12/14,"1093,01",FINANCIAMENTO 11/300
18621297,01/12/14,63,MC DONALDS  JDI
17899571,01/12/14,100,POSTO DE SERV NOVA JER
9589230,01/12/14,13,RECARGA CLARO PRE PAGO
9375037,01/12/14,"77,47",SUNSHOEF
19049709,01/12/15,"3,83",BRADESCO VIDA PREV-SEG.VIDA
23139853,01/12/15,"106,63",FADALEAL SUPERMERCAD
20304573,01/12/15,"1863,16",GREENPEOPLE INDUSTRIA E COMERCIO
18621297,01/12/15,53,LAJES E BLOCOS SERRANO
35622577,01/12/15,"155,11",SAM S CLUB LJ 6546 P
9589230,02/01/15,"2392,42",EXTRAVIO/OUTROS
17899571,02/02/15,50,AUTO POSTO CAMPANELL
9589230,02/02/15,118,CASA DAS FERRAGENS
35622577,02/02/15,"1089,49",FINAN 13/300
13807668,02/02/15,100,OFICINA AUTOMOTIVA 2A
9589230,02/02/15,50,POSTO MATATU
9589230,02/02/15,35,RECARGA PRE PAGO
17899571,02/02/16,"130,42",ASSAI ATACADISTA
9589230,02/02/16,14,RECARGA PRE PAGO
35622577,02/02/16,"58,54",SAM S CLUB LJ 6546 P
24092021,02/03/15,950,AUTO ESCOLA CIDADE
17899571,02/03/15,70,AUTO POSTO INTERMARES
17899571,02/03/15,"1733,64",BANCO BRADESCO CART ES
13807668,02/03/15,10,BOBS
19049709,02/03/15,"3,83",BRADESCO VIDA PREV-SEG.VIDA
17899571,02/03/15,"23,3",FA LJ DIA
35622577,02/03/15,"1087,8",FINAN 14/300
17899571,02/03/15,47,PIZZARIA FABULOSA
24092021,02/03/15,100,POSTO TORQUATO
9589230,02/03/15,14,RECARGA PRE PAGO
24092021,02/03/15,"27,65",SUPERMERCADO ALENCAR
9375037,02/03/16,"33,77",BRADESCO VIDA PREV-SEG.VIDA
35622577,02/03/16,"21,2",PAGSEGUROUOL*Armazem
22767856,02/03/16,"515,76",PORTO SEGURO CARTOES MAR16
23139853,02/03/16,25,RECARGA PRE PAGO
22767856,02/03/16,"79,9",SAIA JUSTA CONFECCOES
9589230,02/04/14,"51,5",FARMACIA VENTIN
9589230,02/04/14,"3,75",PANDELLI DELICATESSEN
22767856,02/04/15,"473,05",BANCO BRADESCO CART ES
9589230,02/04/15,50,COM COMBUSTIV PARALE
22767856,02/04/15,98,LE CHEF GATO
22767856,02/04/15,"38,5",MC DONALDS  D&D
22767856,02/04/15,95,OFNER
9589230,02/04/15,14,RECARGA PRE PAGO
35622577,02/04/15,"187,81",SAM S CLUB LJ 6546 P
17899571,02/05/14,10000,F F PORTO TRANSPORTES
17899571,02/05/14,1000,F F PORTO TRANSPORTES
20304573,02/05/14,230,GUIMEL COM DE ROUPAS
17899571,02/06/14,44,CINEMARK-ARICANDUVA
18621297,02/06/15,"45,45",BOM BAIANO DISTRIBUI
9589230,02/06/15,14,RECARGA PRE PAGO
9589230,02/07/14,"100,77",BOM PRECO B 520 HIPE
9589230,02/09/15,50,POSTO MATATU
23349426,02/09/15,"58,02",SABESP-0640516920              
9589230,02/10/14,17,RECARGA PRE PAGO
9589230,02/10/15,"36,64",BOMPRECO BA LJ 075
23349426,02/10/15,"58,02",SABESP-0640516920              
17899571,02/12/14,"11,86",AUTO POSTO CAMPANELLA
24798702,02/12/15,"97,44",AGUA DE CHEIRO
35622577,02/12/15,"235,41",SAM S CLUB LJ 6546 P
13807668,03/02/15,"70,47",ASSAI LJ 38
17899571,03/02/15,"22,5",AUTO POSTO CAMPANELL
35622577,03/02/15,"19,1",COBASI OSASCO
9589230,03/02/15,"6,8",PANDELLI DELICATESSE
9589230,03/02/15,14,RECARGA PRE PAGO
22767856,03/02/15,"1608,33",VISA FEV15
17899571,03/02/16,"223,32",ATACADAO 048 AS
9375037,03/02/16,116,BRADESCO AUTO/RE
22767856,03/02/16,"1876,22",PAGAMENTO VISA FEV16
23139853,03/03/15,"39,12",DROGARIA MICHEL
35622577,03/03/16,"328,83",CONDOMINIO MARCO
35622577,03/03/16,"65,2",RESTAURANTE RABANETE
9589230,03/04/14,24,BAR DE PAIXAO
35622577,03/06/14,"13,88",DROGARIA BETSAIDA
23349426,03/06/15,"50,36",SABESP-0640516920              
17899571,03/07/14,"294,47",ATACADAO 048 AS
9589230,03/07/14,"100,77",BOM PRECO B 520 HIPE
9589230,03/07/14,"125,98",LE BISCUIT
9589230,03/07/14,50,POSTO BONOCO
9589230,03/07/14,35,RECARGA PRE PAGO
17899571,03/07/15,"710,36",C&A-283-SH.ITAQUERA
17899571,03/07/15,"99,99",PONTAL LOJA 45
9589230,03/07/15,14,RECARGA PRE PAGO
35622577,03/07/15,"144,99",SAM S CLUB LJ 6546 P
25451293,03/08/15,"5,5",BRADESCO VIDA PREV-SEG.VIDA
22767856,03/08/15,"2528,93",PAGAMENTO CARTAO PORTO SEGURO
24092021,03/08/15,20,TUPEX MAT DE CONSTR
23349426,03/09/14,50,AUTO POSTO BAETA NEVES
9589230,03/09/14,"95,24",LOJAS RENNER FL 231
9589230,03/09/14,"13,54",PANDELLI DELICATESSE
9589230,03/09/14,50,POSTO MERIDIONAL
9589230,03/09/14,28,REST RECANTO DO VALE
17899571,03/09/15,35,AUTO PASTORE
9375037,03/09/15,"150,78",BRADESCO PREVIDENCIA E SEGUROS
22767856,03/09/15,40,ESTAPAR C. EMP. SP
9589230,03/09/15,"172,16",FARMACIA MAGNO MAGAL
9589230,03/09/15,108,PET SHOP DOG4S LIFE
22767856,03/09/15,50,SHELL
18621297,03/10/14,"56,58",CASA DO CONFEITEIRO
9589230,03/10/14,15,RECARGA PRE PAGO
17899571,03/11/14,"216,61",ATACADAO 048 AS
18621297,03/11/14,"92,15",BOA SUPERMERCADOS LJ
22767856,03/11/14,"950,46",CARTAO PORTO VISA NOV14
22767856,03/11/14,"20,22",INTERNET B-ELETROPAULO METROP.
18621297,03/11/14,"20,25",MC DONALDS  VIN
9589230,03/11/14,14,RECARGA PRE PAGO
35622577,03/11/14,27,SUPER ERI
18621297,03/11/15,"145,19",BOA SUPERMERCADOS LJ
19049709,03/11/15,"3,83",BRADESCO VIDA PREV-SEG.VIDA
35622577,03/11/15,"1082,57",FINAN 2/205
25451293,03/11/15,10,PANIF SANTA MARIA
22767856,03/11/15,"24,9",SAPATARIA DO FUTURO
9589230,03/12/14,200,PET SHOP DOG4S LIFE
17899571,03/12/14,"42,14",REDE DROGA MILLE
35622577,03/12/14,"55,49",TELHANORTE RAPOSO
18621297,03/12/15,"48,03",BOM BAIANO DISTRIBUI
17899571,03/12/15,80,LESTE PISCINAS
23349426,03/12/15,"58,02",SABESP-0640516920              
22767856,03/12/15,"623,21",VISA PORTO DEZ15
17899571,04/01/16,500,A C P da Cruz Pizzaria Me
17899571,04/01/16,"517,06",ASSAI ATACADISTA
17899571,04/01/16,10,BIG X PICANHA
19049709,04/01/16,"3,83",BRADESCO VIDA PREV-SEG.VIDA
23953783,04/01/16,"18,62",BRILHANTE SUPERMERCA
17899571,04/01/16,"76,6",CACAU SHOW
35622577,04/01/16,"27,87",DROGASIL 306
35622577,04/01/16,"1078,79",FINAN APTO 4/200
17899571,04/01/16,22,PIZZARIA AGUIA
17899571,04/01/16,"32,5",SUBWAY ARICANDUVA
22767856,04/01/16,16,SUPREMO COMERCIO DE
13807668,04/02/15,"32,22",HABIBS
9589230,04/02/15,50,POSTO DOIS LEOES
23349426,04/02/15,"50,14",SABESP-0640516920              
13807668,04/03/15,"5,6",LUMAR S CANTINA
35622577,04/03/16,"39,1",REST. CABANA TAIPE
35622577,04/03/16,"47,7",RESTAURANTE RABANETE
23349426,04/03/16,"58,02",SABESP                         
23515122,04/03/16,"9,45",SUPERMERCADO BOM PRE
9904554,04/04/14,"5,3",2 via CARTAODEBITO             
9589230,04/04/14,23,REST SABOR DELICIA
22767856,04/05/15,"1210,39",CARTAO PORTO MAI15
22767856,04/05/15,"100,39",INTERNET B-ELETROPAULO METROP.
35622577,04/05/15,"6,89",MERCADINHO DO LAGO
35622577,04/05/15,"4,4",PAES E DOCES LAGO AZUL
35622577,04/05/15,"160,58",SAM S TAMBORE LJ 493
35622577,04/06/14,6,ESTAPAR
17899571,04/06/14,20,RECARGA PRE PAGO
9589230,04/08/14,"61,5",CASA DAS FERRAGENS
22767856,04/08/14,"331,33",CONDOMINIO AGO2014
9589230,04/08/14,"18,95",DROGARIA SANTANA
13807668,04/08/14,8,HABIB S
35622577,04/08/14,"26,54",INTERNET B-ELETROPAULO METROP.
35622577,04/08/14,"68,1",INTERNET B-P.M S.P - DENATRA   
22767856,04/08/14,"68,1",INTERNET B-P.M S.P - DENATRAN
9589230,04/08/14,50,MAX VIDRACARIA
22767856,04/08/14,"696,58",PAGTO CARRO AGO2014
22767856,04/08/14,"1685,22",PAGTO CARTAO PORTO AGO2014
20304573,04/08/14,"552,46",PORTO SEGURO CIA DE SEGUROS GERA
9589230,04/08/14,50,POSTO DOIS LEOES
23349426,04/08/15,"58,02",SABESP-0640516920              
22767856,04/08/15,"23,56",SUBMARINO
25451293,04/08/15,"50,8",SUPERMERCADO BERTE
17899571,04/09/14,"16,91",AUTO PECAS ARAKAKI
22767856,04/09/14,"67,7",INTERNET B-P.M SAO PAULO/SP
9589230,04/09/14,100,POSTO DOIS LEOES
23349426,04/09/14,"47,3",SABESP-0640516920              
22767856,04/09/14,"107,96",ULTRA FARMA
23139853,04/09/15,180,AUTO CENTER JOTA CAR
17899571,04/09/15,"7,25",AUTO POSTO CADILLAC
23139853,04/09/15,"131,89",CC BOI PANTANEIRO
24285172,04/09/15,"7,9",DOC INTERNET
20304573,04/09/15,"2390,95",GREENPEOPLE INDUSTRIA E COMERCIO
17899571,04/09/15,"25,5",MC DONALDS-SH.ITAQUERA
23139853,04/09/15,"60,03",POSTO ASTRULA
35622577,04/09/15,"37,16",SABESP-0246436883              
9589230,04/11/14,50,POSTO APACHE
9904554,04/11/15,50,POSTO VISTA ALEGRE
17899571,04/12/14,"249,9",POSTO FAROL
9589230,04/12/14,50,POSTO MATATU
9589230,04/12/14,"11,59",RESTAURANTE DOIS LEOES
18621297,04/12/15,"84,69",BOA SUPERMERCADOS LJ
20304573,04/12/15,"1120,9",GREENPEOPLE INDUSTRIA E COMERCIO
9589230,05/01/15,"49,7",BOM PRECO B 520 HIPE
9589230,05/01/15,"69,06",BOM PRECO B 520 HIPE
22767856,05/01/15,"2495,66",CARTAO PORTO DEZ14
22767856,05/01/15,"41,15",LEROY MERLIN
17899571,05/01/15,75,LESTE PISCINAS
17899571,05/01/15,100,POSTO CERRADAO
17899571,05/01/15,"179,45",POSTO GRAAL
22767856,05/01/16,"486,19",CONDOMINIO DEZ15
17899571,05/01/16,127,POSTO SERVSUL
17899571,05/01/16,"32,9",REST E LANCH SERVSUL
23349426,05/01/16,"58,02",SABESP-0640516920              
22767856,05/01/16,"612,25",VISA 03JAN16
17899571,05/01/16,"133,41",XAVIER AUTO POSTO
17899571,05/02/15,50,AUTO POSTO AGUIA SX
17899571,05/02/15,"5,49",AUTO POSTO AGUIA SX
35622577,05/02/15,"25,08",SABESP-0246436883              
25451293,05/02/16,"5,5",BRADESCO VIDA PREV-SEG.VIDA
9904554,05/02/16,"11,15",BRADESCO VIDA PREV-SEG.VIDA
23139853,05/02/16,157,CASA DE CARNES MARIANO
18621297,05/02/16,"361,95",CPFL PIRATININGA/SP-01723723   
35622577,05/02/16,"1075,28",FINAN APTO 6/205
20304573,05/02/16,"22,44",LOJAS AMERICANAS 523
22767856,05/02/16,"292,5",PAGAMENTO AMEX FEV16
23349426,05/02/16,"58,02",SABESP                         
35622577,05/02/16,"45,8",SAM S CLUB LJ 6546 P
23515122,05/02/16,"7,21",SUPERMERCADO BOM PRE
35622577,05/03/14,"96,76",AUTO POSTO BELA VISTA
18621297,05/03/14,"80,57",BOA SUPERMERCADOS LJ
9589230,05/03/14,"101,79",EXTRA 0606
9589230,05/03/14,"13,56",HORTIFRUTI MANANCIAL
9589230,05/03/14,"47,8",HORTIFRUTI MANANCIAL
35622577,05/03/14,"168,8",HOTEL GOLDEN STAR
10135363,05/03/14,1350,ITAUCARD LOJISTAS
9589230,05/03/14,"17,3",MATERIAL DE CONSTRUC
13807668,05/03/14,"20,5",MC DONALDS  PGS
18621297,05/03/15,"255,52",CPFL PIRATININGA/SP-01723723   
22767856,05/03/15,"81,98",INTERNET B-ELETROPAULO METROP.
23349426,05/03/15,"50,36",SABESP-0640516920              
24092021,05/03/15,"33,39",SUPERMERCADO ALENCAR
35622577,05/05/14,15,AVICULTURA DIONISIO
18621297,05/05/14,"223,19",BOA SUPERMERCADOS LJ
35622577,05/05/14,"50,05",CARREFOUR POS 398 PS
20304573,05/05/14,"701,72",SUPERMERCADOS GUANAB
13807668,05/05/15,6,LUMAR S CANTINA
9589230,05/05/15,35,RECARGA PRE PAGO
20304573,05/06/14,"303,93",BRADESCO AUTO  RE S/A
18621297,05/06/14,"173,28",CPFL PIRATININGA/SP-01723723   
23953783,05/06/15,133,A DISPARADA MOVEIS
18621297,05/06/15,"32,98",BOA SUPERMERCADOS LJ
18621297,05/06/15,"133,51",BOA SUPERMERCADOS LJ
18621297,05/06/15,"341,19",CPFL PIRATININGA/SP-01723723   
18621297,05/08/14,"214,33",CPFL PIRATININGA/SP-01723723   
22767856,05/08/14,"67,9",INTERNET B-P.M SAO PAULO/SP
17899571,05/08/15,"352,36",ATLANTA AUTO PECAS
9375037,05/08/15,"150,78",BRADESCO PREVIDENCIA E SEGUROS
9589230,05/08/15,35,RECARGA PRE PAGO
9375037,05/08/15,20,RECARGA PRE PAGO
9375037,05/08/15,"153,06",RECIFE MERC ALIM LTD
35622577,05/08/15,"28,9",SABESP-0246436883              
9904554,05/09/14,"9,94",BRADESCO VIDA PREV-SEG.VIDA
22767856,05/09/14,"156,07",PASSAPORTE 2
9589230,05/09/14,35,RECARGA PRE PAGO
9375037,05/10/15,"150,78",BRADESCO PREVIDENCIA E SEGUROS
18621297,05/10/15,"349,08",CPFL PIRATININGA/SP-01723723   
23139853,05/10/15,"22,75",PIZZA HUT
23953783,05/10/15,20,SHELL
23139853,05/10/15,"14,75",SUBWAY
9375037,05/10/15,"61,67",VERDAO HORTIFRUTI
35622577,05/11/14,"94,8",C PERNAMBUCANAS 534-
18621297,05/11/14,"203,35",CPFL PIRATININGA/SP-01723723   
35622577,05/11/14,"23,2",DROGASIL 035
9589230,05/11/14,13,RECARGA CLARO PRE PAGO
9589230,05/11/14,14,RECARGA PRE PAGO
23349426,05/11/14,"47,3",SABESP-0640516920              
18621297,05/11/15,"310,63",CPFL PIRATININGA/SP-01723723   
23139853,05/11/15,"113,88",FADALEAL SUPERMERCAD
35622577,05/11/15,1829,POS GRADUACAO ENG MKT - 09/12
9375037,05/11/15,20,RECARGA PRE PAGO
23349426,05/11/15,"58,02",SABESP-0640516920              
22767856,05/12/14,30,ALESAT AUTO POSTO TR
17899571,05/12/14,"189,42",ATACADAO 048 AS
18621297,05/12/14,"230,41",CPFL PIRATININGA/SP-01723723   
9589230,05/12/14,70,POSTO NOVO HORIZONTE
23349426,05/12/14,"47,3",SABESP-0640516920              
22767856,05/12/14,"2208,66",VISA DEZ14
9589230,06/01/15,30,PRIMUS BAR
9589230,06/01/15,14,RECARGA PRE PAGO
17899571,06/01/16,130,ALESAT POSTO RADAR
18621297,06/01/16,"287,93",CPFL PIRATININGA/SP-01723723   
17899571,06/01/16,"167,85",POSTO DANGELIS
23953783,06/01/16,126,R R BATERIAS E AUTO
13807668,06/02/15,"9,19",ASSAI LJ 38
22767856,06/02/15,50,AUTO POSTO BAND 1
9904554,06/03/15,16,JO E SI QUENTINHAS D
13807668,06/03/15,"5,6",LUMAR S CANTINA
17899571,06/03/15,690,REAL LUB COMERCIO
13807668,06/03/15,"11,15",SORVETERIA BOQUEIRAO
22767856,06/04/15,"322,32",CARREFOUR 10 SPA ANC
9589230,06/04/15,6,CASA DAS FERRAGENS
18621297,06/04/15,"285,41",CPFL PIRATININGA/SP-01723723   
22767856,06/04/15,"119,99",EGGOS SHOES
35622577,06/04/15,1829,FIA 2/12
35622577,06/04/15,"17,27",LEROY MERLIN   RAPOS
17899571,06/04/15,80,OPCAO LAVA RAPIDO
17899571,06/04/15,"16,5",PAES DOCES CID VARGA
22767856,06/04/15,40,PONTO HAIR INSTITUTE
9589230,06/04/15,30,POSTO MATARIPE
9589230,06/04/15,50,POSTO MATATU
9589230,06/04/15,100,POSTO MATATU
23139853,06/04/15,87,POSTO REGISTRO
17899571,06/04/15,149,QUIOSQUE COCANHA
17899571,06/04/15,3000,ROUPARIA FEMININA CONFECCOES LTD
13807668,06/04/15,20,SAN MC DONALDS
22767856,06/04/15,"27,8",SUBWAY
17899571,06/04/15,"72,5",SUPERMERCAD SHIBATA
17899571,06/04/15,"704,66",SUPERMERCAD SHIBATA
18621297,06/05/14,"173,96",CPFL PIRATININGA/SP-01723723   
23349426,06/05/14,"29,5",RESTAURANTE JK
18621297,06/05/15,"57,69",BOA SUPERMERCADOS LJ
13807668,06/05/15,"6,5",LUMAR S CANTINA
9589230,06/05/15,14,RECARGA PRE PAGO
23349426,06/05/15,"50,36",SABESP-0640516920              
23349426,06/06/14,"47,3",SABESP-0640516920              
20304573,06/06/14,190,VICTOR SPORTS
17899571,06/07/15,30,AUTO POSTO GABRIELA
23953783,06/07/15,70,AUTO POSTO IMARU
22767856,06/07/15,191,CARTAO PORTO SEGURO JUL15
35622577,06/07/15,25,PE DE MEIA
23349426,06/07/15,"55,28",SABESP                         
23953783,06/07/15,"44,98",SUPERMERCADO POTENCI
9904554,06/08/14,"9,94",BRADESCO VIDA PREV-SEG.VIDA
9589230,06/08/14,"67,7",DU VIDRO
9589230,06/08/14,80,LAVA JATO TA LIMPO
23349426,06/08/14,"47,3",SABESP-0640516920              
25451293,06/08/15,15,DROGARIA BIOFARMA
25451293,06/08/15,"5,9",DROGARIA SANTA MARIA
17899571,06/08/15,480,PNEUS SHUND
17899571,06/08/15,50,POSTO DE SERV NOVA JER
9589230,06/08/15,15,RECARGA PRE PAGO
17899571,06/08/15,23,TOYO AUTO PECAS
17899571,06/08/15,48,TOYO AUTO PECAS
22767856,06/08/15,30,TREVO SERV AUTOMOTIV
9589230,06/10/14,152,ALUMIVIDROS
23349426,06/10/14,40,AUTO POSTO BAETA NEVES
9904554,06/10/14,"9,94",BRADESCO VIDA PREV-SEG.VIDA
22767856,06/10/14,"608,25",CARTAO PORTO
9589230,06/10/14,"20,42",CASA DAS FERRAGENS
18621297,06/10/14,"230,14",CPFL PIRATININGA/SP-01723723   
22767856,06/10/14,"38,65",INTERNET B-ELETROPAULO METROP.
10135363,06/10/14,2500,ITAUCARD LOJISTAS
9589230,06/10/14,15,RECARGA PRE PAGO
9589230,06/10/14,54,RESTAURANTE CAMARAO
9589230,06/10/14,19,SODIPAR
35622577,06/11/14,"39,9",DOMINIO SITE
9589230,06/11/14,64,INTERNET B-FGTS/GRF S/TOMADOR
9589230,06/11/14,"79,64",INTERNET B-INSS/GPS
9589230,06/11/14,64,INTERNET B-INSS/GPS
23349426,06/11/14,32,RESTAURANTE JK
35622577,06/11/15,"41,28",SABESP-0246436883              
22767856,07/01/15,"2,99",EB MERCEARIA
9589230,07/01/15,30,PRIMUS BAR
23349426,07/01/15,"47,3",SABESP-0640516920              
17899571,07/01/16,128,AUTO POSTO ANCHIETA
23953783,07/01/16,80,AUTO POSTO EXPRESSO
18621297,07/01/16,"40,79",BOM BAIANO DISTRIBUI
23953783,07/01/16,57,LEOLAR MAGAZINE
17899571,07/01/16,54,POSTO CARRAO
9904554,07/03/14,"9,94",BRADESCO VIDA PREV-SEG.VIDA
17899571,07/03/14,"483,6",CACAU SHOW
23349426,07/03/14,"67,56",SABESP-0640516920              
17899571,07/03/16,"12,96",ACOUGUE
35622577,07/03/16,"57,75",BOTECO DO PARA
22767856,07/03/16,"57,48",BOTECO SAO JORGE
20304573,07/03/16,"39,99",CENTAURO CE 76
35622577,07/03/16,107,CENTRAL DE PRODUCOES GWUP SA
23139853,07/03/16,"75,51",CONDOR CENTRO CIVICO
23515122,07/03/16,"33,89",CONDOR PARANAGUA 8
24798702,07/03/16,"298,8",LOJAS INSINUANTE
22767856,07/03/16,"343,81",MARISA LOJA 640
23515122,07/03/16,"79,98",MARITIMA FASHION COM
17899571,07/03/16,"22,6",PECAS SANTA EFIGENIA
35622577,07/03/16,60,RESTARANTE ACONCHEGO
23349426,07/03/16,"58,24",SABESP                         
17899571,07/04/14,"578,91",BRADESCO AUTO  RE S/A
35622577,07/04/14,"68,1",INTERNET B-P.M S.P - DENATRA   
20304573,07/04/14,"474,4",PAQUETA ESPORTES LJ
17899571,07/04/14,"32,28",REDE DROGA MILLE
23349426,07/04/14,"29,5",RESTAURANTE JK
35622577,07/04/14,"9,88",WAL MART LJ 2801 PDV
22767856,07/04/15,1800,PAGTO CARTAO VISA MAR2015
22767856,07/04/15,"425,38",PAGTO CONDOMINIO MAR15
23349426,07/04/15,"50,36",SABESP                         
35622577,07/05/15,"32,24",SABESP-0246436883              
9589230,07/07/14,"27,08",CASA DAS FERRAGENS
24798702,07/07/14,"26,25",COMERCIO DE CARNES I
18621297,07/07/14,"230,35",CPFL PIRATININGA/SP-01723723   
9589230,07/07/14,"99,7",EXTRA 0606
9589230,07/07/14,45,JEANS
20304573,07/07/14,"69,9",JFW CALCADOS BOLSAS
9589230,07/07/14,22,MAX VIDRACARIA
20304573,07/07/14,8,MC DONALDS PMI
18621297,07/07/14,"57,56",SUP RUSSI 11
24798702,07/07/14,"6,76",SUPERMERCADO  CASTRO
22767856,07/07/15,"19,39",EXTRA 1848
23139853,07/07/15,"64,35",MERCADO J FREITAS
17899571,07/07/15,"8,8",PAES DOCES CID VARGA
23349426,07/07/15,"55,92",SABESP                         
35622577,07/07/15,"27,88",SABESP-0246436883              
17899571,07/08/15,"57,62",ATLANTA AUTO PECAS
17899571,07/08/15,80,AUTO PECAS CAMPANELL
17899571,07/08/15,50,CARUSO AUTO PECAS
9904554,07/08/15,"49,87",DROGARIA PACHECO
22767856,07/08/15,"44,17",DROGARIA SAO PAULO 2
9589230,07/08/15,10,RECARGA PRE PAGO
17899571,07/08/15,10000,REMET.ROUPARIA FEMININA C
23349426,07/10/14,85,AUTO POSTO BAETA NEVES
9589230,07/10/14,"40,93",LOJAS AMERICANAS 52
9589230,07/10/14,5,POSTO MATATU
9589230,07/10/14,100,POSTO PARALELA I
23349426,07/10/14,"47,3",SABESP-0640516920              
17899571,07/10/15,"6,45",2 via CARTAODEBITO             
18621297,07/10/15,"77,11",BOA SUPERMERCADOS LJ
35622577,07/10/15,"28,9",SABESP-0246436883              
23139853,07/12/15,114,A BARATEIRA CALCADOS L
17899571,07/12/15,"7,25",AUTO POSTO CADILLAC
22767856,07/12/15,"48,4",BAR E RESTAURANTE CA
13807668,07/12/15,"18,15",CHOPERIA E PIZZARIA BE
22767856,07/12/15,"29,9",FARMACIA CAPOEIRAS
23139853,07/12/15,"499,9",HAVAN LOJAS DEPTOS
22767856,07/12/15,"82,29",MINI MERCADO LEOBERT
13807668,07/12/15,"119,99",POLO WEAR PLAZA
23139853,07/12/15,"114,27",POSTO A DA XV
22767856,07/12/15,60,RESTAURANTE MAURILIO
23953783,07/12/15,"42,36",SUPERMERCADO POTENCI
22767856,08/01/15,"2,6",DROGARIA SAO PAULO 2
17899571,08/01/15,699,PRECOLANDIA-ITAQUERA
35622577,08/01/15,"33,84",SABESP-0246436883              
22767856,08/01/15,50,TREVO SERV AUTOMOTIV
35622577,08/01/16,"37,16",SABESP-0246436883              
17899571,08/03/16,"71,46",ASSAI LOJA 49
23139853,08/03/16,"94,89",FADALEAL SUPERMERCAD
23349426,08/03/16,"58,92",SABESP                         
23349426,08/04/14,"67,56",SABESP-0640516920              
9589230,08/04/15,14,RECARGA PRE PAGO
23349426,08/04/15,51,SABESP                         
23349426,08/04/15,"51,19",SABESP                         
35622577,08/04/15,"25,08",SABESP-0246436883              
17899571,08/05/14,30,ESTACAO SERV AUTOM AMI
19049709,08/05/14,"5,58",MERCEARIA CAMILA
23349426,08/05/14,"67,56",SABESP-0640516920              
25451293,08/05/15,"5,5",BRADESCO VIDA PREV-SEG.VIDA
17899571,08/05/15,"37,46",FARMANIA
18621297,08/05/15,"27,9",LAJES E BLOCOS SERRA
23139853,08/05/15,"132,54",MERCADO J FREITAS
18621297,08/06/15,"110,8",BOA SUPERMERCADOS LJ
25451293,08/06/15,"5,5",BRADESCO VIDA PREV-SEG.VIDA
22767856,08/06/15,"565,86",CARTAO PORTO SEGURO JUN15
20304573,08/06/15,28,DROGARIA IMPERIAL
35622577,08/06/15,"10,09",MINUTO PAO LJ 5114 - R
17899571,08/06/15,100,POSTO DE SERVICOS PO
35622577,08/06/15,"32,24",SABESP-0246436883              
22767856,08/06/15,"50,7",TREVO SERV AUTOMOTIV
9589230,08/07/14,10,RECARGA PRE PAGO
25451293,08/07/15,"5,5",BRADESCO VIDA PREV-SEG.VIDA
23349426,08/07/15,"56,14",SABESP                         
18621297,08/08/14,"28,5",LAJES E BLOCOS SERRA
9589230,08/08/14,"100,98",LOJA 87 - BELA VISTA S
9589230,08/08/14,"155,9",LOJAS RENNER FL 231
22767856,08/08/14,"4,2",RAIA DROGASIL 547 CE
17899571,08/08/14,"24,9",TINTAS MIL E UMA CORES
22767856,08/09/14,70,AUTO POSTO 7 PASSOS
17899571,08/09/14,106,AUTO POSTO CAMPANELLA
9589230,08/09/14,"4,25",CASA DAS FERRAGENS
22767856,08/09/14,"1667,49",PORTO SEGURO SET14
9589230,08/09/15,13,ARCA DA CONSTRUCAO
22767856,08/09/15,50,AUTOPOSTO PORTAL DA
9589230,08/09/15,"133,02",BOM PRECO B 520 HIPE
23953783,08/09/15,"72,07",BRILHANTE SUPERMERCA
18621297,08/09/15,"406,34",CPFL PIRATININGA/SP-01723723   
17899571,08/09/15,"37,5",DROGA NOVA CAMPANELA
9589230,08/09/15,"31,52",FRIGORIFICO DO MANE
9589230,08/09/15,"35,62",HORTIFRUTI MANANCIAL
22767856,08/09/15,"112,7",LOJAS RENNER FL 189
9589230,08/09/15,75,NOSSO MATERIAIS CONS
22767856,08/09/15,"817,67",PAGTO PORTO SEGURO
9589230,08/09/15,30,POSTO BONOCO
9589230,08/09/15,26,SOS MARCENARIA
18621297,08/10/14,"49,8",BOA SUPERMERCADOS LJ
9589230,08/10/14,35,RECARGA PRE PAGO
9589230,08/10/14,10,RECARGA PRE PAGO
23349426,08/10/14,"31,5",RESTAURANTE JK
18621297,08/10/14,"9,64",SUP RUSSI 03
23139853,08/10/15,"38,5",HOTEL VILA MAIOR
9375037,08/10/15,4,PG COMBUSTIVEIS
9589230,08/12/14,53,ALUMICENTER COM META
9589230,08/12/14,"114,29",BOM PRECO B 520 HIPE
9589230,08/12/14,"145,7",BOMPRECO BA LJ 075
25451293,08/12/15,"5,5",BRADESCO VIDA PREV-SEG.VIDA
35622577,08/12/15,"13,67",LOJAS AMERICANAS-527
17899571,08/12/15,"77,2",OPUS MOTOS
9589230,09/01/15,"26,22",CASA DAS FERRAGENS
9589230,09/01/15,81,INTERNET B-DOCTO.ARRECADAC/SP
9589230,09/01/15,30,POSTO NOTA 10
9589230,09/01/15,35,RECARGA PRE PAGO
17899571,09/02/15,"544,44",ATACADAO 048 AS
22767856,09/02/15,"357,38",CONDOMINIO FEV15
35622577,09/02/15,"24,96",DROGARIA SAO PAULO 1
35622577,09/02/15,"20,2",PAES E DOCES LAGO AZUL
23139853,09/02/15,"85,48",SABESP-0744721784              
22767856,09/03/15,"5,3",2 via CARTAODEBITO             
17899571,09/03/15,1200,A C P da Cruz Pizzaria Me
24092021,09/03/15,60,AUTO POSTO ABEL GALI
17899571,09/03/15,140,ESTACAO MOTO PECAS
23139853,09/03/15,"98,6",FESTOLANDIA
17899571,09/03/15,"71,6",HOTEL CHURRASCARIA 41
23139853,09/03/15,92,POSTO REGISTRO
9589230,09/03/15,14,RECARGA PRE PAGO
9589230,09/03/15,35,RECARGA PRE PAGO
35622577,09/03/15,"25,08",SABESP-0246436883              
22767856,09/03/16,"100,8",DAFITI
23139853,09/03/16,"48,71",MERCADORAMA CABRAL P
35622577,09/03/16,30,PAGSEGUROUOL*PIMENTA
23349426,09/03/16,"59,15",SABESP                         
35622577,09/03/16,"41,28",SABESP-0246436883              
17899571,09/04/14,1200,F F Porto Transportes
19049709,09/04/14,"11,18",MERCEARIA CAMILA
9589230,09/04/14,"119,99",PAGAMENTO SEGURO DO CARRO AAPV
9589230,09/04/14,"26,72",RESTAURANTE DA VILMA
35622577,09/04/14,"33,64",SABESP-0246436883              
13807668,09/04/15,7,LUMAR S CANTINA
23139853,09/04/15,"22,5",RESTAURANTE TIO JOAO
20304573,09/05/14,"14,5",DROGARIA VENANCIO
23349426,09/06/14,112,IZABELA COM DE VIDRO
18621297,09/06/14,"70,58",MERCADINHO DO BEBE
9904554,09/06/14,"57,93",MULTI MARKET
9589230,09/06/14,14,RECARGA PRE PAGO
18621297,09/06/15,"72,2",CASA DE MASSAS PRUDENT
17899571,09/06/15,1200,F F Porto Transportes
9589230,09/06/15,"21,38",PANDELLI DELICATESSEN
17899571,09/06/15,"70,07",REDE DROGA MILLE
35622577,09/06/15,"48,16",SAM S CLUB LJ 6546 P
9589230,09/07/14,48,BAR DE PAIXAO
9589230,09/07/14,35,MAGAZINE LUIZA - SV892
9589230,09/07/14,"14,62",PANDELLI DELICATESSE
9589230,09/07/14,50,REDE DE POSTOS TIC
24092021,09/07/15,50,AUTO POSTO ABEL GALI
23139853,09/07/15,102,POSTO REGISTRO
23349426,09/07/15,"56,35",SABESP                         
24092021,09/07/15,"100,08",SUPERMERCADO ALENCAR
24092021,09/09/14,50,AUTO POSTO 03 NACOES
35622577,09/09/14,"45,31",INTERNET B-P.M SAO PAULO/SP
22767856,09/09/14,"61,83",INTERNET B-P.M SAO PAULO/SP
9589230,09/09/14,"105,4",PAPELARIA MONTEIRO
35622577,09/10/14,"33,64",SABESP-0246436883              
23139853,09/10/15,"87,36",SABESP-0744721784              
25451293,09/11/15,"5,5",BRADESCO VIDA PREV-SEG.VIDA
23139853,09/11/15,"117,71",ORTONA
22767856,09/11/15,"588,02",PORTO SEGURO NOV15
9589230,09/12/14,53,ALUMICENTER COM META
17899571,09/12/14,100,AUTO POSTO CAMPANELLA
17899571,09/12/14,"2577,25",BANCO BRADESCO CART ES
9589230,09/12/14,"114,29",BOM PRECO B 520 HIPE
9589230,09/12/14,"145,7",BOMPRECO BA LJ 075
23349426,09/12/14,32,RESTAURANTE JK
35622577,09/12/15,"103,09",CART SUBMARINO
35622577,09/12/15,"41,28",SABESP-0246436883              
35622577,10/02/15,"324,6",7086093101059     BRADESCO CONSO
24798702,10/02/15,"212,7",BRADESCO AUTO  RE S/A
35622577,10/02/15,"282,08",COND FEV/15
14568932,10/02/15,30,DROGARIA LIM PARQ PO
9589230,10/02/15,180,POLICLINICA DO CANELA S C LTDA
9589230,10/02/15,14,RECARGA PRE PAGO
35622577,10/02/16,"350,54",7086093101071     BRADESCO CONSO
17899571,10/02/16,"28,83",BG LESTE PETROLEO LT
24798702,10/02/16,"259,28",BRADESCO AUTO  RE S/A
17899571,10/02/16,"235,04",BRADESCO AUTO/RE COMPANHIA DE SE
22767856,10/02/16,"43,39",CHOCOLANDIA
22767856,10/02/16,47,CHURRASCARIA NONOHAY
17899571,10/02/16,270,COMERCIAL SULCOCO
35622577,10/02/16,"356,83",COND FEV/16
22767856,10/02/16,"82,1",EXTRA CIDADE DUTRA 132
22767856,10/02/16,"15,28",EXTRA SUPERMERCADO 242
20304573,10/02/16,"11,87",HORTIFRUT PAVUNA
22767856,10/02/16,520,MULT REDE
17899571,10/02/16,"24,86",POSTO 22 SENT SP
17899571,10/02/16,"27,1",REDE FRANGO ASSADO SJC
23349426,10/02/16,"58,24",SABESP                         
35622577,10/02/16,"37,16",SABESP-0246436883              
23139853,10/02/16,"87,36",SABESP-0744721784              
20304573,10/02/16,60,SEVES POSTO GASOLINA
20304573,10/02/16,"26,16",SUPER REDE
23515122,10/02/16,"7,94",SUPERMERCADO BOM PRE
23515122,10/02/16,"9,69",SUPERMERCADO BOM PRE
23515122,10/02/16,"22,16",SUPERMERCADO BOM PRE
23515122,10/02/16,"18,91",SUPERMERCADO BOM PRE
23139853,10/02/16,"81,11",SUPERMERCADO MAGMAXX
35622577,10/03/14,"308,77",7086093101048     BRADESCO CONSO
23349426,10/03/14,50,AUTO POSTO BAETA NEVES
35622577,10/03/14,"418,73",CONDOMINIO MARCO
18621297,10/03/14,"137,27",CPFL PIRATININGA/SP-01723723   
9589230,10/03/14,35,RECARGA PRE PAGO
35622577,10/03/15,"352,9",7086093101060     BRADESCO CONSO
24798702,10/03/15,"212,7",BRADESCO AUTO  RE S/A
35622577,10/03/15,"281,6",COND MAR/15
17899571,10/03/15,"9,66",DROGARIA PABLO
23139853,10/03/15,"41,8",MERCADO J FREITAS
17899571,10/03/15,"168,55",POSTO NORDESTE
35622577,10/03/16,"342,39",7086093101072     BRADESCO CONSO
24798702,10/03/16,"259,28",BRADESCO AUTO  RE S/A
22767856,10/03/16,"472,41",PAGAMENTO CONDOMINIO
23349426,10/03/16,"59,38",SABESP                         
35622577,10/04/14,"316,3",7086093101049     BRADESCO CONSO
9589230,10/04/14,15,BAR DE PAIXAO
35622577,10/04/14,"483,24",CONDOMINIO ABRIL/2014
35622577,10/04/15,"333,61",7086093101061     BRADESCO CONSO
23139853,10/04/15,31,BOUTIQUE BLANC
24798702,10/04/15,"212,7",BRADESCO AUTO  RE S/A
35622577,10/04/15,"328,83",CONDOMINIO ABRIL
13807668,10/04/15,"19,5",MC DONALDS  PGS
23139853,10/04/15,"92,35",POSTO ASTRULA
17899571,10/04/15,"10,42",REDE DROGA MILLE
23139853,10/04/15,"35,82",SABESP-0744721784              
35622577,10/06/14,"312,52",7086093101051     BRADESCO CONSO
9904554,10/06/14,50,MULTI MARKET
9589230,10/06/14,120,SEGURO DO CARRO AAPV
35622577,10/06/15,"337,94",7086093101063     BRADESCO CONSO
24092021,10/06/15,"2439,05",CASA DO ELETRICISTA C. C. L.
17899571,10/06/15,1200,F F Porto Transportes
18621297,10/06/15,"133,76",LAJES E BLOCOS SERRA
9589230,10/06/15,"11,04",PANDELLI DELICATESSEN
17899571,10/06/15,"17,23",REDE DROGA MILLE
35622577,10/07/14,"318,65",7086093101052     BRADESCO CONSO
35622577,10/07/14,"483,24",CONDOMINIO JULHO
20304573,10/07/14,"17,98",DROGARIA VENANCIO
9589230,10/07/14,"7,49",PANDELLI DELICATESSE
9589230,10/07/14,"119,89",SEGURO CARRO
35622577,10/07/15,"337,94",7086093101064     BRADESCO CONSO
24092021,10/07/15,100,AUTO POSTO ABEL GALI
24092021,10/07/15,50,AUTO POSTO ABEL GALI
17899571,10/07/15,20,AUTO POSTO AGUIA SX
35622577,10/07/15,"328,83",COND JUL/15
23139853,10/07/15,102,POSTO REGISTRO
9589230,10/07/15,35,RECARGA PRE PAGO
24092021,10/07/15,"100,08",SUPERMERCADO ALENCAR
35622577,10/08/15,"344,12",7086093101065     BRADESCO CONSO
17899571,10/08/15,100,A C P DA CRUZ PIZZARIA
17899571,10/08/15,"1862,81",BANCO BRADESCO CART ES
17899571,10/08/15,13,CARUSO AUTO PECAS
17899571,10/08/15,54,CARUSO AUTO PECAS
17899571,10/08/15,13,CASA DE CARNES CONSO
35622577,10/08/15,"328,83",COND 08/2015
22767856,10/08/15,"468,65",CONDOMINIO AGO15
9589230,10/08/15,70,CONSULTORIO STAR BEM
22767856,10/08/15,20,DUTRAO AUTO POSTO LT
17899571,10/08/15,"23,78",ITA SUPERMERCADO
17899571,10/08/15,25,OPCION MOTOS
17899571,10/08/15,150,PIZZARIA HOLANDA IMP
23139853,10/08/15,"127,8",POSTO ASTRULA
17899571,10/08/15,"31,92",POSTO CIARA
35622577,10/08/15,"4,5",POSTO RIVIERA TROPIC
23953783,10/08/15,56,R R BATERIAS E AUTO
9589230,10/08/15,"23,81",SUPERMERCADO C A
9904554,10/08/15,"208,61",SUPERMERCADO CAMPEAO
17899571,10/08/15,28,TOYO AUTO PECAS
35622577,10/09/14,"318,48",7086093101054     BRADESCO CONSO
22767856,10/09/14,"331,33",CONDOMINIO SET2014
35622577,10/09/14,"346,36",CONDOMINIO SETEMBRO/2014
35622577,10/09/14,"33,64",SABESP-0246436883              
35622577,10/09/15,"341,04",7086093101066     BRADESCO CONSO
35622577,10/09/15,"328,83",CONDOMINIO SET/2015
22767856,10/09/15,"474,29",CONDOMINIO SET15
23139853,10/09/15,75,POSTO ASTRULA
23139853,10/09/15,"41,28",SABESP-0744721784              
35622577,10/10/14,"321,49",7086093101055     BRADESCO CONSO
35622577,10/10/14,"374,36",CONDOMINIO OUTUBRO
17899571,10/10/14,"54,24",REDE DROGA MILLE
35622577,10/11/14,"320,01",7086093101056     BRADESCO CONSO
18621297,10/11/14,"100,65",BOA SUPERMERCADOS LJ
18621297,10/11/14,"156,16",CASA CARNES CRUZ ALTA
22767856,10/11/14,"331,33",CONDOMINIO NOV2014
35622577,10/11/14,"346,36",CONDOMINIO NOVEMBRO
35622577,10/11/14,"346,36",CONDOMINIO VICTOR
9589230,10/11/14,780,POLICLINICA DO CANELA S C LTDA
9589230,10/11/14,35,RECARGA PRE PAGO
9589230,10/11/14,"39,5",RESTAURANTE CAMARAO
35622577,10/11/14,"33,64",SABESP-0246436883              
35622577,10/11/15,"345,98",7086093101068     BRADESCO CONSO
35622577,10/12/14,"329,07",7086093101057     BRADESCO CONSO
35622577,10/12/14,"346,36",CONDOMINIO NOV/14
17899571,10/12/14,"39,5",F. R. RESTAURANTE
23349426,10/12/14,32,RESTAURANTE JK
35622577,10/12/14,"23,54",SABESP-0246436883              
35622577,10/12/15,"355,12",7086093101069     BRADESCO CONSO
35622577,10/12/15,"328,83",CONDOMINIO DEZEMBRO
23139853,10/12/15,"41,28",SABESP-0744721784              
35622577,11/01/16,"350,54",7086093101070     BRADESCO CONSO
23953783,11/01/16,30,AUTO POSTO EXPRESSO
18621297,11/01/16,"178,77",BOA SUPERMERCADOS LJ
24798702,11/01/16,"259,28",BRADESCO AUTO  RE S/A
35622577,11/01/16,"328,83",CONDOMINIO
35622577,11/01/16,"6,09",DROGA RAIA F21
19049709,11/01/16,10,MERCEARIA CAMILA
22767856,11/01/16,89,POSTO BORACEIA BEACH
23139853,11/01/16,"52,8",SABESP-0744721784              
9589230,11/02/15,188,INTERNET B-DOCTO.ARRECADAC/SP
9589230,11/02/15,81,INTERNET B-DOCTO.ARRECADAC/SP
9589230,11/02/15,13,RECARGA CLARO PRE PAGO
22767856,11/02/16,"124,24",DROGARIA SAO PAULO 2
35622577,11/02/16,"8,25",INTERNET
23953783,11/02/16,45,REDENCAO AUTO PECAS
23349426,11/02/16,"59,38",SABESP                         
19049709,11/02/16,"10,29",SUPER REDE
17899571,11/03/14,"91,8",CACAU SHOW
9589230,11/03/14,"31,49",PANDELLI DELICATESSEN
23349426,11/03/14,"29,5",RESTAURANTE JK
13807668,11/03/15,5,LUMAR S CANTINA
23139853,11/03/15,"41,8",MERCADO J FREITAS
17899571,11/03/15,"119,9",MERCADOPAGO.COM REPRESENTACOES L
23139853,11/03/15,"35,82",SABESP-0744721784              
23349426,11/03/16,"59,6",SABESP                         
23139853,11/03/16,"41,28",SABESP-0744721784              
18621297,11/03/16,"17,48",SUPER MERCADO BOA
35622577,11/03/16,"93,39",SUPERMERCADO RONDELI
20304573,11/04/14,"52,3",PIZZARIA PARME
9589230,11/04/14,40,POSTO DOIS LEOES
35622577,11/05/15,"342,25",7086093101062     BRADESCO CONSO
17899571,11/05/15,"22,25",BAR COSTELAO
24798702,11/05/15,"212,7",BRADESCO AUTO  RE S/A
35622577,11/05/15,"6,57",LOJAS AMERICANAS 73
18621297,11/05/15,"124,56",MARITIMA SEGUROS S/A
23139853,11/05/15,"59,77",MERCADO J FREITAS
19049709,11/05/15,"6,46",PREZUNIC 702
22767856,11/05/15,180,TENNIS ONE SUC 66
35622577,11/06/14,"33,64",SABESP-0246436883              
18621297,11/06/15,"49,62",BOM BAIANO DISTRIBUI
9589230,11/06/15,14,RECARGA PRE PAGO
23139853,11/06/15,"35,82",SABESP-0744721784              
14568932,11/07/14,"5,3",2 via CARTAODEBITO             
23349426,11/07/14,"47,3",SABESP-0640516920              
35622577,11/08/14,"321,22",7086093101053     BRADESCO CONSO
17899571,11/08/14,100,AUTO PECAS E ACESS PRE
23349426,11/08/14,30,AUTO POSTO BAETA NEVES
9589230,11/08/14,29,BOM PRECO B 520 HIPE
20304573,11/08/14,"135,7",CEA BAN 273
9589230,11/08/14,"32,33",FARMACIA DOS REMEDIO
9589230,11/08/14,"21,8",HORTIFRUTI MANANCIAL
9589230,11/08/14,"2,48",MERCADINHO MASCARENH
22767856,11/08/14,"110,66",PIZZA E BIRRA
9589230,11/08/14,100,POSTO MATARIPE ABASTEC
9589230,11/08/14,35,RESTAURANTE CAMARAO
35622577,11/08/14,"33,64",SABESP-0246436883              
17899571,11/08/15,1000,F F PORTO TRANSPORTES
23953783,11/08/15,240,SOS BORRACHEIRO
35622577,11/09/14,"33,27",CENTRAL DISTRIBUIDOR
17899571,11/09/15,"1103,41",A C P da Cruz Pizzaria Me
9589230,11/09/15,"122,32",ALUMIVIDROS
9589230,11/11/14,50,POSTO MATARIPE
17899571,11/11/15,14000,F F PORTO TRANSPORTES
22767856,11/11/15,729,PAGTO AMEX 11/2015
22767856,11/11/15,"498,82",PAGTO CONDOMINIO NOV15
23139853,11/11/15,"41,28",SABESP-0744721784              
9375037,11/12/14,"150,78",BRADESCO PREVIDENCIA E SEGUROS
17899571,11/12/14,"48,78",POSTO DE SERV NOVA JER
22767856,11/12/15,40,BAZAR GABI
23139853,11/12/15,"92,15",DELIRIO PERFUMARIA
22767856,11/12/15,6,LANCHES 26
23139853,11/12/15,119,O BOTICARIO
35622577,12/01/15,"324,6",7086093101058     BRADESCO CONSO
22767856,12/01/15,"173,3",ALO BEBE
17899571,12/01/15,100,AUTO POSTO CAMPANELL
24798702,12/01/15,"212,7",BRADESCO AUTO  RE S/A
22439005,12/01/15,"17,83",BRADESCO VIDA E PREV - SEG. VIDA
35622577,12/01/15,"13,5",BRIGADEIRO BISTRO
22767856,12/01/15,"16,9",CHOCOLANDIA
35622577,12/01/15,"125,81",CLARO TV-0210501290061         
35622577,12/01/15,"281,1",COND JAN/15
22767856,12/01/15,"331,33",CONDOMINIO JAN2015
14568932,12/01/15,"59,88",DIA FRANQUIA
18621297,12/01/15,"123,83",MARITIMA SEGUROS S/A
9589230,12/01/15,50,POSTO BR/POSTO NAMORAD
9589230,12/01/15,20,PRIMUS BAR
14568932,12/01/15,13,RECARGA CLARO PRE PAGO
17899571,12/01/15,"22,2",TINTAS MIL E UMA CORES
22439005,12/01/16,"19,58",BRADESCO VIDA E PREV - SEG. VIDA
35622577,12/01/16,"89,9",CLARO TV-0210501290061         
35622577,12/01/16,"126,31",INGLES
18621297,12/01/16,"119,58",MARITIMA SEGUROS S/A
9589230,12/02/15,40,ALUMIVIDROS
35622577,12/02/15,"86,24",BOTECO DO ESPETINHO
22439005,12/02/15,"17,83",BRADESCO VIDA E PREV - SEG. VIDA
35622577,12/02/15,"125,81",CLARO TV-0210501290061         
18621297,12/02/15,"124,41",MARITIMA SEGUROS S/A
14568932,12/02/15,"69,98",PASSARELA MODAS
9589230,12/02/15,50,POSTO SAO JUDAS TADE
9589230,12/02/15,14,RECARGA PRE PAGO
17899571,12/02/15,150,RUBRA CHOPERIA
22439005,12/02/16,"19,58",BRADESCO VIDA E PREV - SEG. VIDA
35622577,12/02/16,"89,9",CLARO TV-0210501290061         
18621297,12/02/16,"119,58",MARITIMA SEGUROS S/A
23953783,12/02/16,1420,R R BATERIAS E AUTO
9589230,12/02/16,14,RECARGA PRE PAGO
23349426,12/02/16,"59,6",SABESP                         
22439005,12/03/14,"16,72",BRADESCO VIDA E PREV - SEG. VIDA
35622577,12/03/14,"119,46",CLARO TV-0210501290061         
17899571,12/03/14,"29,75",REDE DROGA MILLE
35622577,12/03/14,"33,64",SABESP-0246436883              
22439005,12/03/15,"17,83",BRADESCO VIDA E PREV - SEG. VIDA
35622577,12/03/15,"125,81",CLARO TV-0210501290061         
22439005,12/05/14,"16,72",BRADESCO VIDA E PREV - SEG. VIDA
20304573,12/05/14,"72,96",O BOTICARIO
17899571,12/05/14,"8,3",PANIF TRES IRMAOS LT
22439005,12/05/15,"17,83",BRADESCO VIDA E PREV - SEG. VIDA
35622577,12/05/15,"125,81",CLARO TV-0210501290061         
35622577,12/05/15,18,JK EMPORIO DE CHOCOL
35622577,12/05/15,"26,96",LOJAS AMERICANAS-513
18621297,12/05/15,"124,13",MARITIMA SEGUROS S/A
22439005,12/06/14,"16,72",BRADESCO VIDA E PREV - SEG. VIDA
17899571,12/06/14,"79,93",CARREFOUR  SPE 47
35622577,12/06/14,"121,89",CLARO TV-0210501290061
35622577,12/06/14,"121,89",CLARO TV-0210501290061         
9904554,12/06/14,"30,58",MULTI MARKET
24092021,12/06/14,"78,65",SUPERMERCADO VOCE
9589230,12/06/15,"9,78",AKI FRIOS
18621297,12/06/15,"138,65",BOA SUPERMERCADOS LJ
18621297,12/06/15,"100,83",BOA SUPERMERCADOS LJ
22439005,12/06/15,"17,83",BRADESCO VIDA E PREV - SEG. VIDA
35622577,12/06/15,"125,81",CLARO TV-0210501290061         
35622577,12/06/15,"328,83",CONDOMINIO JUN/15
17899571,12/06/15,"14,37",JIN JIN TATUAPE
18621297,12/06/15,"124,11",MARITIMA SEGUROS S/A
9589230,12/06/15,"6,55",PANDELLI DELICATESSE
17899571,12/06/15,"89,96",PECA-BEM W GM F MERC
24092021,12/06/15,40,PONTO DO PARAFUSO
22439005,12/08/14,"16,72",BRADESCO VIDA E PREV - SEG. VIDA
35622577,12/08/14,"119,46",CLARO TV-0210501290061         
24798702,12/08/14,10,POSTO DIAS D AVILA
22439005,12/08/15,"17,83",BRADESCO VIDA E PREV - SEG. VIDA
35622577,12/08/15,"125,81",CLARO TV-0210501290061         
25451293,12/08/15,"15,39",GABI SUPERMERCADO
18621297,12/08/15,"119,91",MARITIMA SEGUROS S/A
23953783,12/08/15,55,REDENCAO AUTO PECAS
23139853,12/08/15,"98,88",SABESP-0744721784              
22439005,12/09/14,"16,72",BRADESCO VIDA E PREV - SEG. VIDA
35622577,12/09/14,"125,81",CLARO TV-0210501290061         
9589230,12/09/14,"189,9",LOJAS INSINUANTE
18621297,12/09/14,"90,71",MARITIMA SEGUROS S/A
17899571,12/11/14,50,AUTO POSTO AGUIA SX
22439005,12/11/14,"16,72",BRADESCO VIDA E PREV - SEG. VIDA
35622577,12/11/14,"125,81",CLARO TV-0210501290061         
18621297,12/11/14,"124,01",MARITIMA SEGUROS S/A
22439005,12/11/15,"17,83",BRADESCO VIDA E PREV - SEG. VIDA
35622577,12/11/15,"134,57",CLARO TV-0210501290061         
9589230,12/11/15,"86,2",FARMACIA MAGNO MAGAL
18621297,12/11/15,"120,21",MARITIMA SEGUROS S/A
23349426,12/12/14,50,AUTO POSTO BAETA NEV
22439005,12/12/14,"17,83",BRADESCO VIDA E PREV - SEG. VIDA
35622577,12/12/14,"125,81",CLARO TV-0210501290061         
18621297,12/12/14,"123,92",MARITIMA SEGUROS S/A
9589230,13/01/15,50,POSTO BONOCO
17899571,13/01/16,"39,9",MERCADINHO MARTINS
18148882,13/01/16,"49,12",MERCADO COMPRE MAIS
35622577,13/02/15,"274,1",CART CRED FEV
35622577,13/02/15,"62,7",CENTRAL DISTRIBUIDOR
14568932,13/02/15,"21,61",JIN JIN WOK
14568932,13/02/15,49,O BOTICARIO
9589230,13/02/15,186,ON LINE
17899571,13/02/15,763,RUBRA CHOPERIA
17899571,13/02/15,"25,08",SABESP-0537100539              
17899571,13/03/14,213,AUTOPOSTO ENCOSTA
24798702,13/03/14,130,POSTO PARAKI
22767856,13/03/15,"1818,15",CARTAO VISA MAR15
9589230,13/03/15,"80,45",LOJAS RENNER FL 231
23953783,13/04/15,45,AUTO PECAS LUBRIFIC
22439005,13/04/15,"17,83",BRADESCO VIDA E PREV - SEG. VIDA
35622577,13/04/15,"125,81",CLARO TV-0210501290061         
17899571,13/04/15,500,FIAT AMAZONAS CELSO
18621297,13/04/15,"124,56",MARITIMA SEGUROS S/A
23139853,13/04/15,"37,73",MERCADO J FREITAS
35622577,13/04/15,30,NNM PARECAR ESTACION
9589230,13/04/15,50,POSTO MATATU
23953783,13/04/15,70,REDENCAO AUTO PECAS
35622577,13/05/14,"318,88",7086093101050     BRADESCO CONSO
35622577,13/05/14,"33,81",SABESP                         
35622577,13/05/14,"33,64",SABESP                         
23139853,13/05/15,"40,82",SABESP-0744721784              
18621297,13/06/14,"14,38",BOM BAIANO
17899571,13/06/14,"79,93",CARREFOUR  SPE 47
22767856,13/07/15,"295,78",AMEX JUL15
22767856,13/07/15,50,AUTO POSTO BAND 1
17899571,13/07/15,30,AUTO POSTO CAMPANELL
22439005,13/07/15,"17,83",BRADESCO VIDA E PREV - SEG. VIDA
35622577,13/07/15,"19,98",CARREFOUR SPO 17
35622577,13/07/15,"125,81",CLARO TV-0210501290061         
22767856,13/07/15,"472,65",CONDOMINIO JUL15
18621297,13/07/15,"64,9",DIVINA MODAS
18621297,13/07/15,124,MARITIMA SEGUROS S/A
17899571,13/07/15,30,POSTO SHOPING MOGI
23349426,13/07/15,"57,46",SABESP                         
23349426,13/07/15,"56,58",SABESP                         
23139853,13/07/15,"39,82",SABESP-0744721784              
35622577,13/07/15,6,SUPER ERI
20304573,13/08/14,"45,21",FARMALIFE
17899571,13/08/15,"12,75",MEGA PAO
17899571,13/08/15,5000,REMET.ROUPARIA FEMININA C
17899571,13/10/14,1200,A C P da Cruz Pizzaria Me
17899571,13/10/14,"1200,53",ATACADAO 048 AS
17899571,13/10/14,20,AUTO POSTO
22439005,13/10/14,"16,72",BRADESCO VIDA E PREV - SEG. VIDA
17899571,13/10/14,"25,25",CASA DE PAES VALENZA
35622577,13/10/14,"125,81",CLARO TV-0210501290061         
24798702,13/10/14,"67,44",COMETA CONFECCOES
22767856,13/10/14,"337,95",CONDOMINIO OUT2014
9589230,13/10/14,"229,27",EXTRA 0606
24798702,13/10/14,"17,2",LEONNA BIJOUX
9589230,13/10/14,"155,6",LOJAS RENNER FL 231
18621297,13/10/14,"124,21",MARITIMA SEGUROS S/A
9589230,13/10/14,50,POSTO MATATU
22767856,13/10/14,25,POSTO SACOMAM
9589230,13/10/14,13,RECARGA CLARO PRE PAGO
17899571,13/10/14,46,SERGIOS BAR
35622577,13/10/15,"350,91",7086093101067     BRADESCO CONSO
22439005,13/10/15,"17,83",BRADESCO VIDA E PREV - SEG. VIDA
35622577,13/10/15,"134,57",CLARO TV-0210501290061         
35622577,13/10/15,"328,83",CONDOMINIO OUTUBRO
18621297,13/10/15,"120,14",MARITIMA SEGUROS S/A
9589230,13/10/15,13,RECARGA CLARO PRE PAGO
22767856,13/10/15,"77,43",SACOLAO DOM VILARES
35622577,13/10/15,"62,51",SAM S CLUB LJ 6546 P
22767856,13/10/15,"47,68",SODIE DOCES
9589230,13/10/15,"62,82",SUPERMERCADO C A
23349426,13/11/14,50,AUTO POSTO BAETA NEVES
22767856,13/11/14,"10,85",DROGARIA SAO PAULO 2
9589230,13/11/14,15,RECARGA PRE PAGO
23349426,13/11/14,32,RESTAURANTE JK
17899571,13/11/15,"79,6",MERCADOPAGO.COM REPRESENTACOES L
17899571,13/11/15,"28,9",SABESP-0537100539              
35622577,13/11/15,"1,76",TECNOSOLO
35622577,13/11/15,"0,04",TECNOSOLO
35622577,14/01/15,"1194,42",CARTAO DE CREDITO
9589230,14/01/15,40,CASA DAS FERRAGENS
9589230,14/01/15,50,POSTO MATATU
35622577,14/01/15,40,REINO DO CHURRASCO
9589230,14/01/15,"25,3",RESTAURANTE BOIADEIR
17899571,14/01/16,"28,9",SABESP-0537100539              
18148882,14/01/16,"56,33",SUPERMERCADO GUANABA
19049709,14/03/14,"3,99",PREZUNIC 702
22439005,14/03/16,"19,58",BRADESCO VIDA E PREV - SEG. VIDA
35622577,14/03/16,"89,9",CLARO TV-0210501290061         
23139853,14/03/16,"392,91",DECATHLON
23139853,14/03/16,"325,23",EXTRA 1318
23139853,14/03/16,"61,2",KAPITAL GRILL
18621297,14/03/16,"120,37",MARITIMA SEGUROS S/A
35622577,14/03/16,50,PAGSEGUROUOL*Live47O
23349426,14/03/16,"59,84",SABESP                         
17899571,14/03/16,"97,86",SUPERMERCADO CHAMA
9589230,14/04/14,"60,17",BOMPRECO BA LJ 075
22439005,14/04/14,"16,72",BRADESCO VIDA E PREV - SEG. VIDA
35622577,14/04/14,"119,46",CLARO TV-0210501290061         
18621297,14/04/14,"20,33",MINI MERCADO BERTOLI
9589230,14/04/14,50,TIC COM COMBUSTIVEL
35622577,14/04/15,"98,43",FAT CC SUBMARINO
24798702,14/04/15,20,POSTO DIAS D AVILA
9589230,14/04/15,13,RECARGA CLARO PRE PAGO
9589230,14/05/14,"709,12",AYMORE CREDITO E FINANCIAMENTO I
17899571,14/05/15,1000,F F PORTO TRANSPORTES
23953783,14/05/15,35,REDENCAO AUTO PECAS
17899571,14/07/14,"181,94",ATACADAO 048 AS
22439005,14/07/14,"16,72",BRADESCO VIDA E PREV - SEG. VIDA
9589230,14/07/14,66,CARNE NO BRASA
13807668,14/07/14,22,CINEMA ROXY
35622577,14/07/14,"119,46",CLARO TV-0210501290061         
9589230,14/07/14,"125,08",LOJAS RENNER FL 231
35622577,14/07/14,52,ORIENTE REFEICAO
9589230,14/07/14,50,POSTO MATATU
9589230,14/07/14,50,POSTO NOTA 10
9589230,14/07/14,50,SODIPAR
17899571,14/07/15,"15,8",CASA DE PAES VALENZA
17899571,14/07/15,1000,F F PORTO TRANSPORTES
23139853,14/08/15,"157,35",MERCADO J FREITAS
17899571,14/09/15,50,AUTO POSTO AGUIA SX
22439005,14/09/15,"17,83",BRADESCO VIDA E PREV - SEG. VIDA
35622577,14/09/15,"134,57",CLARO TV-0210501290061         
22767856,14/09/15,40,ESTAPAR C. EMP. SP
18621297,14/09/15,"120,08",MARITIMA SEGUROS S/A
23953783,14/09/15,55,R R BATERIAS E AUTO
17899571,14/09/15,3000,REMET.ROUPARIA FEMININA C
22767856,14/09/15,"24,42",SACOLAO BIG FRUTAS
17899571,14/09/15,"224,51",SUGUIURA MAT CONSTR
18621297,14/10/14,"59,25",DOCERIA AVENIDA
35622577,14/10/14,31,PALETERIA MEXICANA V
9589230,14/10/14,50,POSTO NOTA 10
23139853,14/10/15,200,BOUTIQUE BLANC
22767856,14/10/15,"484,32",CONDOMINIO OUT15
23139853,14/10/15,"201,61",MERCADO J FREITAS
17899571,14/11/14,189,AUTO POSTO GABRIELA
17899571,14/11/14,"16,65",AUTO POSTO GABRIELA
35622577,14/11/14,"1597,57",CARTAO DE CREDITO
9589230,14/11/14,"1,49",LE BISCUIT
17899571,14/11/14,"113,99",O BOTICARIO
9589230,14/11/14,50,POSTO STA TEREZA
9589230,14/11/14,15,RECARGA PRE PAGO
23139853,14/12/15,300,BOUTIQUE BLANC
22439005,14/12/15,"19,58",BRADESCO VIDA E PREV - SEG. VIDA
23953783,14/12/15,"40,07",BRILHANTE SUPERMERCA
22767856,14/12/15,"29,07",CENTER CARNES
35622577,14/12/15,"103,3",CLARO TV-0210501290061         
17899571,14/12/15,"343,76",DICICO SAO MIGUEL
17899571,14/12/15,105,J W AGRO COMERCIAL
18621297,14/12/15,"26,5",LAJES E BLOCOS SERRA
18621297,14/12/15,"119,87",MARITIMA SEGUROS S/A
17899571,14/12/15,26,PIZZARIA LEOPOLDO
22767856,14/12/15,"36,77",SACOLAO DOM VILARES
23139853,15/01/15,300,AUTO CENTER JOTA CAR LTDA   ME
35622577,15/01/15,"458,1",IPTU APTO
17899571,15/01/15,"24,06",SABESP-0537100539              
22439005,15/01/15,"77,49",SUL AMERICA CIA NACIONAL DE SEGU
17899571,15/01/16,145,ALESAT POSTO RADAR
23139853,15/01/16,51,BOUTIQUE BLANC
23515122,15/01/16,"5,5",BRADESCO VIDA PREV-SEG.VIDA
35622577,15/01/16,"500,4",IPTU APTO
23139853,15/01/16,"250,05",MERCADO J FREITAS
35622577,15/01/16,"27,09",SAM S CLUB LJ 6546 P
17899571,15/02/16,"23,75",AUTO POSTO AGUIA SX
17899571,15/02/16,138,AUTO POSTO GABRIELA
23515122,15/02/16,"5,5",BRADESCO VIDA PREV-SEG.VIDA
17899571,15/02/16,15,CLARO SP RECARGA PRE
18148882,15/02/16,"35,01",JM VISAMAR SUPERMERC
9589230,15/02/16,"23,3",MERCES MAT DE CONSTRUC
17899571,15/02/16,15,RECARGA POS - PARCEIRO
23349426,15/02/16,"59,84",SABESP                         
18148882,15/02/16,"53,59",SUPERMERCADO GUANABA
23515122,15/03/16,"5,5",BRADESCO VIDA PREV-SEG.VIDA
23349426,15/03/16,"60,53",SABESP                         
17899571,15/03/16,"428,18",SUL AMERICA
35622577,15/04/14,"164,14",CELULAR RICARDINHO
9589230,15/04/14,"2,2",PANDELLI DELICATESSE
22439005,15/04/14,"76,19",SUL AMERICA CIA NACIONAL DE SEGU
22767856,15/04/15,"525,91",AMEX ABR15
18621297,15/04/15,"54,95",DROG EXTRA JUNDIAI CEN
17899571,15/04/15,"79,8",LIVRARIAS CURITIBA
17899571,15/04/15,7,POPPY RACOES
17899571,15/04/15,"25,08",SABESP-0537100539              
22439005,15/04/15,"77,49",SUL AMERICA
22439005,15/05/14,"76,19",SUL AMERICA CIA NACIONAL DE SEGU
22767856,15/05/15,"488,84",CONDOMINIO MAIO2015
35622577,15/05/15,"98,43",FAT SUBMARINO
17899571,15/05/15,"25,08",SABESP-0537100539              
17899571,15/06/15,"318,77",ATACADAO 048 AS
35622577,15/06/15,"10,48",MERCADINHO DO LAGO
23953783,15/06/15,"89,99",PLANET BOLSAS
17899571,15/06/15,"25,08",SABESP-0537100539              
9904554,15/06/15,"105,14",SUPERMARKET
17899571,15/07/14,105,AUTO POSTO CID CAR L
17899571,15/07/15,37,AUTO POSTO B M
24092021,15/07/15,22,CONSTRUSUL
23139853,15/07/15,"20,62",MERCADO J FREITAS
35622577,15/08/14,"239,67",CARTAO DE CREDITO
17899571,15/08/14,"47,53",DROGARIA SAO PAULO 1
35622577,15/09/14,"959,12",CARTAO DE CREDITO 09/14
22767856,15/09/14,"435,54",COND DANILO
22767856,15/09/14,"73,4",KALUNGA IPIRANGA
20304573,15/09/14,"678,19",PREZUNIC 726
20304573,15/09/14,"69,4",SPOLETO BANGU
23139853,15/09/15,"48,9",BOUTIQUE BLANC
35622577,15/09/15,"852,64",BRADESCO ADM DE CONSORCIOS LTDA
23953783,15/09/15,"18,7",BRILHANTE SUPERMERCA
22767856,15/09/15,40,ESTAPAR C. EMP. SP
23953783,15/09/15,55,R R BATERIAS E AUTO
17899571,15/09/15,"29,04",SABESP-0537100539              
35622577,15/09/15,"12,6",SUPREMO COLARINHO CH
22767856,15/09/15,40,TREVO SERV AUTOMOTIV
35622577,15/10/14,"1042,71",C/C OUTUBRO
17899571,15/10/14,"27,28",DROGARIA SAO PAULO 1
17899571,15/10/14,200,HOSPITAL E MATERNIDADE
14568932,15/10/14,9,SUPERCENTER LIMEIRA
18621297,15/10/15,"50,83",BOA SUPERMERCADOS LJ
9589230,15/10/15,"90,56",CARTAO AVISTA
22767856,15/10/15,"450,68",PAGAMENTO CARTAO PORTO OUT15
17899571,15/10/15,"28,9",SABESP-0537100539              
35622577,15/10/15,"10,98",WAL MART LJ 2801 PDV
18621297,15/12/14,"51,05",BOA SUPERMERCADOS LJ
35622577,15/12/14,"1089,27",CC DEZ/14
9589230,15/12/14,"36,26",DROGARIA SANTANA
35622577,15/12/14,4,G PET SHOP
9589230,15/12/14,"16,83",HORTIFRUTI MANANCIAL
20304573,15/12/14,"13,7",PIZZARIA MALIBU
9589230,15/12/14,50,POSTO MATATU
17899571,15/12/14,"37,12",REDE DROGA MILLE
9589230,15/12/14,50,SOS
20304573,15/12/14,47,SPOLETO BANGU
13807668,15/12/15,12,CACAU SHOW
13807668,15/12/15,"12,9",CACAU SHOW
22767856,15/12/15,"108,39",CARREFOUR 10 SPA ANC
35622577,15/12/15,"0,04",TECNOSOLO
9589230,16/01/15,406,ALUMIVIDROS
35622577,16/02/16,"56,7",MINUTO PAO LJ 5114 - R
23349426,16/02/16,"60,53",SABESP                         
17899571,16/03/15,100,AUTO POSTO CADILLAC
35622577,16/03/15,"214,12",CART SUBMARINO
24092021,16/03/15,"15,36",DROGARIA POPULAR
23139853,16/03/15,"63,71",FADALEAL SUPERMERCAD
24092021,16/03/15,50,POSTO TREVO
9589230,16/03/15,14,RECARGA PRE PAGO
22439005,16/03/15,"77,49",SUL AMERICA
35622577,16/03/16,"2,79",CENTRAL DISTRIBUIDOR
23349426,16/03/16,"60,77",SABESP                         
17899571,16/03/16,"28,9",SABESP-0537100539              
9589230,16/04/14,45,ACADEMIA FLEX
9589230,16/04/14,"38,41",PARDISE REST PIZZARI
9589230,16/04/14,18,RECARGA PRE PAGO
35622577,16/04/15,"29,04",AUTO POSTO 1 DE ABRI
9589230,16/04/15,50,POSTO FELICI
9589230,16/04/15,14,RECARGA PRE PAGO
9589230,16/06/14,45,BOMPRECO BA LJ 075
35622577,16/06/14,"492,91",CONDOMINIO MAIO
24798702,16/06/14,"13,14",DROGARIA SANTANA
35622577,16/06/14,"35,5",MULTIPARK ITAPEVA
9589230,16/06/14,60,POSTO ARATU
9589230,16/06/14,14,RECARGA PRE PAGO
35622577,16/06/15,"21,9",COBASI OSASCO
35622577,16/06/15,24,DROGARIA BETSAIDA
9589230,16/06/15,"33,71",FARMACIA MAGNO MAGAL
9589230,16/06/15,"6,89",PANDELLI DELICATESSEN
17899571,16/07/14,"203,83",JACARE E ESPETOS
35622577,16/07/14,"33,64",SABESP-0246436883              
35622577,16/07/15,"25,98",BRADESCO C-ELETROPAULO METROP.
17899571,16/07/15,"28,76",SABESP-0537100539              
24092021,16/07/15,100,SUPERMERCADO GAVIAO
17899571,16/09/15,"5,85",2 via CARTAODEBITO             
23953783,16/09/15,20,AUTO POSTO ANHANGUER
22767856,16/09/15,40,ESTAPAR C. EMP. SP
9589230,16/10/14,"10,4",CASA DAS FERRAGENS
9589230,16/10/14,100,POSTO MATATU
17899571,16/10/14,"54,68",SABESP-0537100539              
25451293,16/10/15,"5,5",BRADESCO VIDA PREV-SEG.VIDA
23139853,16/10/15,"92,02",POSTO IPIRANGA
18621297,16/10/15,"17,7",SALLA COMERCIO
25451293,16/11/15,"8,99",LOJAS AMERICANAS  35
9589230,16/11/15,28,M MODAS
18148882,16/11/15,"62,7",SUPERMERCADO GUANABARA
35622577,16/12/14,"16,5",COBASI OSASCO
17899571,16/12/15,"10,12",DICICO SAO MIGUEL
9589230,16/12/15,13,RECARGA CLARO PRE PAGO
17899571,16/12/15,"43,75",REDE DROGA MILLE
17899571,16/12/15,"28,9",SABESP-0537100539              
23953783,17/02/16,"55,97",BRILHANTE SUPERMERCA
23349426,17/02/16,"60,77",SABESP                         
23515122,17/02/16,"4,76",SUPERMERCADO BOM PRE
35622577,17/03/14,"153,23",INTERNET B-P.M S.P - DENATRA   
22439005,17/03/14,"76,19",SUL AMERICA CIA NACIONAL DE SEGU
35622577,17/03/15,466,QVI - JOIAS VIVARA
17899571,17/03/15,390,RESOL CALHAS
17899571,17/03/15,380,RESOL CALHAS
17899571,17/03/15,"22,8",SABESP-0537100539              
24092021,17/03/15,"25,94",SUPERMERCADO ALENCAR
23349426,17/03/16,61,SABESP                         
9589230,17/04/15,34,ALUMIVIDROS
35622577,17/04/15,"16,5",JK EMPORIO DE CHOCOL
9589230,17/04/15,30,POSTO MATATU
35622577,17/06/15,"15,3",JK EMPORIO DE CHOCOL
24092021,17/06/15,30,PARAISO MATERIAL DE
9589230,17/06/15,50,POSTO GAIVOTA
9589230,17/07/14,14,RECARGA PRE PAGO
22767856,17/07/15,"21,87",DROGARIA SAO PAULO 2
35622577,17/07/15,"17,33",VILLA DOS PAES
17899571,17/08/15,50,AUTO POSTO CAMPANELL
17899571,17/08/15,"82,27",CASA DE CARNES FC
22767856,17/08/15,"8,49",DROGARIA SAO PAULO 2
17899571,17/08/15,75,PIZZARIA MARANELO
23139853,17/08/15,"93,49",POSTO ASTRULA
22767856,17/08/15,54,QUIOSQUE PAZINI
35622577,17/08/15,"15,94",SONDA SUPERMERCADOS
17899571,17/08/15,"43,4",TINTAS MIL EUMA CORE
9589230,17/09/14,50,REDE DE POSTOS TIC
17899571,17/09/14,"59,94",SABESP-0537100539              
24798702,17/10/14,"71,89",LEONNA BIJU
35622577,17/10/14,"21,21",RESTAURANTE JOS
35622577,17/11/14,"20,86",CARREFOUR SPO 17
9589230,17/11/14,64,CASA DAS FERRAGENS
9589230,17/11/14,11,CASA DAS FERRAGENS
24467512,17/11/14,750,GAC TRANSPORTES LOGISTICA LTDA M
17899571,17/11/14,262,PLAZA HOTEL MOCOCA
9589230,17/11/14,50,POSTO MATATU
17899571,17/11/14,200,SUPERMERCADO PIERIM
23139853,17/11/15,"433,5",BOUTIQUE BLANC
23139853,17/11/15,"176,81",MERCADO J FREITAS
22767856,17/11/15,"111,3",TOK & STOK
20304573,17/12/14,"13,8",PIZZARIA MALIBU
23349426,17/12/14,32,RESTAURANTE JK
17899571,17/12/14,15,RESTAURANTE TEMPERATO
17899571,17/12/14,"98,54",SABESP-0537100539              
22767856,17/12/15,"58,9",CACAU SHOW
23953783,17/12/15,25,LE AUTOMOTIVE LTDA M
23953783,17/12/15,54,R R BATERIAS E AUTO
23953783,17/12/15,"66,14",SUPERMERCADO CRISTAL
22767856,18/01/16,"42,24",AMEX JAN16
17899571,18/01/16,"81,1",BAR E RESTAURANTE PA
18621297,18/01/16,"47,31",BOA SUPERMERCADOS LJ
23953783,18/01/16,59,BRILHO TINTAS
20304573,18/01/16,"544,95",CENTAURO CE 76
17899571,18/01/16,260,COMERCIAL SULCOCO
20304573,18/01/16,"37,74",DROGARIA CARIOCA
9589230,18/01/16,"9,99",MERCADINHO MASCARENHAS
22767856,18/01/16,"441,71",PAGTO CONDOMINIO
17899571,18/01/16,"83,49",POSTO PARADA PARAISO
17899571,18/01/16,"114,01",POSTO SANDRELE
17899571,18/01/16,50,POSTO SANDRELE
17899571,18/01/16,"130,45",POSTO TREVO 8
20304573,18/01/16,"66,99",RJ BANGU A
17899571,18/02/15,121,AUTO POSTO GABRIELA
9589230,18/02/15,50,AUTO POSTO MERIDIONAL
22767856,18/02/15,"528,18",CARTAO AMEX FEV2015
35622577,18/02/15,"34,28",ECCOLO PIZZARIA
13807668,18/02/15,"7,2",GRAAL
17899571,18/02/15,157,POSTO JURUMIRIM
35622577,18/02/15,40,POUSO DO ROCHEDO
17899571,18/02/15,185,QUITANDA DO HAROLDO
35622577,18/02/15,64,REST RECANTO MINEIRO
23139853,18/02/15,"77,06",SUPERMERCADO MAGMAXX
23139853,18/02/15,"78,2",SUPERMERCADO MAGMAXX
17899571,18/02/15,"243,93",SUPERMERCADO SERTANE
22767856,18/02/16,"437,34",CONDOMINIO FEV16
19049709,18/02/16,"3,75",DROGARIA PACHECO
10135363,18/02/16,1500,ITAUCARD LOJISTAS
17899571,18/02/16,"9,5",REDEFARMASTER
23349426,18/02/16,61,SABESP                         
24092021,18/03/14,"16,29",DROGA SUL
17899571,18/03/14,"13,48",POSTO TORQUE
35622577,18/03/14,27,RECARGA PRE PAGO
23139853,18/03/15,"86,43",FADALEAL SUPERMERCAD
17899571,18/03/15,"2,28",SABESP                         
17899571,18/03/15,"2,32",SABESP                         
25451293,18/03/16,"5,5",BRADESCO VIDA PREV-SEG.VIDA
17899571,18/03/16,70,CATARINENSE HORT
17899571,18/03/16,180,J W AGRO COMERCIAL
23349426,18/03/16,"61,24",SABESP                         
23515122,18/03/16,"11,74",SUPERMERCADO BOM PRE
22767856,18/05/15,"94,23",CASA DO ESPETO
35622577,18/05/15,"17,9",MERCADINHO DO LAGO
35622577,18/05/15,"12,44",MERCADINHO RODRIGO LEA
23139853,18/05/15,124,POSTO ASTRULA
9589230,18/05/15,13,RECARGA CLARO PRE PAGO
35622577,18/05/15,14,VILLA DOS PAES
22767856,18/06/15,"337,63",CARTAO AMEX JUN/15
18621297,18/06/15,34,CASA DE MASSAS PRUDENT
18148882,18/06/15,1079,CASAS BAHIA
24092021,18/06/15,15,CONSTRUSUL
18148882,18/06/15,"426,08",LOJAS AMERICANAS 32
24092021,18/06/15,170,SENAT
9904554,18/06/15,"191,78",SUPERMERCADO GUANABA
22767856,18/08/14,"369,51",AMEX AGO2014
22767856,18/08/14,"45,83",DROGARIA SAO PAULO S
22767856,18/08/14,"50,1",EXTRA SUPERMERCADO 2
20304573,18/08/14,"15,95",REST JD BANGU
20304573,18/08/14,133,RIO DE JANEIRO 22
17899571,18/08/14,"38,9",SABESP-0537100539              
25451293,18/09/15,"59,99",SENAC MT
25451293,18/09/15,60,SENAC MT
17899571,18/11/14,"59,94",SABESP-0537100539              
35622577,18/11/15,"43,95",SAM S CLUB LJ 6546 P
17899571,18/12/14,"10,75",PANIF TORRE DE BELEM
22767856,18/12/14,"1,2",TOK E STOK D E D
35622577,18/12/15,"38,98",SAM S CLUB LJ 6546 P
24092021,19/01/15,50,AUTO POSTO ABEL GALI
23349426,19/01/15,50,AUTO POSTO BAETA NEVES
9375037,19/01/15,"111,72",BOM PRECO LJ B 352
9375037,19/01/15,"150,78",BRADESCO PREVIDENCIA E SEGUROS
35622577,19/01/15,"16,9",CARREFOUR SPO 17
17899571,19/01/15,"14,75",CASA DE PAES VALENZA
9375037,19/01/15,"12,53",FCIA PAGUE MENOS 129
17899571,19/01/15,160,J B PNEUS
17899571,19/01/16,120,REAL FREIOS
17899571,19/01/16,"44,73",REDE DROGA MILLE
35622577,19/02/15,"49,66",CARREFOUR SPO 17
9589230,19/02/15,35,CHURRASCARIA E PIZZA
22439005,19/02/15,"77,49",SUL AMERICA
35622577,19/02/15,"24,8",WAL MART LJ 2801 PDV
17899571,19/02/16,85,CATARINENSE HORT
23515122,19/02/16,"13,63",CONDOR PARANAGUA 8
23515122,19/02/16,50,MARITIMA FASHION COM
23515122,19/02/16,49,PLANETA DOS CALCADOS
20304573,19/02/16,50,POSTO DE GASOLINA DO
20304573,19/02/16,"48,9",POSTO ESTRELA
17899571,19/02/16,25,REDE DROGA MILLE
23349426,19/02/16,"61,24",SABESP                         
17899571,19/02/16,"138,08",SUPERMERCADO CHAMA
17899571,19/03/14,"33,64",SABESP-0537100539              
17899571,19/03/15,"23,76",BIG BEEF
35622577,19/03/15,"10,5",PAPELARIA S CATARINA
17899571,19/03/15,"32,45",REDE DROGA MILLE
23139853,19/03/15,"48,06",SUPERMUFFATO ALBERTO
13807668,19/05/14,19,MC DONALDS  PGS
17899571,19/05/14,"75,72",SABESP-0537100539              
23349426,19/05/15,"25,23",ELETROPAULO/SP-100004773906    
9589230,19/05/15,14,RECARGA PRE PAGO
24092021,19/06/15,6,CONSTRUSUL
17899571,19/06/15,20,DROGARIA JUPARANA
23953783,19/06/15,80,REDENCAO AUTO PECAS
9904554,19/06/15,"44,58",SUPERMERCADO CAMPEAO
9589230,19/08/14,14,RECARGA PRE PAGO
22767856,19/08/15,"211,15",DROGARIA SAO PAULO 2
9589230,19/09/14,"133,26",LOJAS RENNER FL 231
9589230,19/09/14,10,RECARGA PRE PAGO
35622577,19/10/15,"16,11",DROGASIL 060
22767856,19/10/15,"83,9",TOK E STOK D E D
35622577,19/11/14,"34,55",CARREFOUR SPO 17
9589230,19/11/15,"73,39",BOM PRECO B 520 HIPE
24798702,19/11/15,35,GOIANIA FASHION
17899571,19/11/15,30,POSTO MAR DEL PLATA
22767856,19/12/14,"587,96",AMEX DEZ14
17899571,19/12/14,100,AUTO POSTO CAMPANELLA
22767856,19/12/14,"5,79",DROGARIA SAO PAULO 2
20304573,19/12/14,16,PIZZARIA MALIBU
22767856,19/12/14,50,TREVO SERV AUTOMOTIV
9589230,20/01/15,32,ON LINE
22767856,20/01/16,"41,12",RAIA DROGASIL 547 CE
35622577,20/01/16,"38,08",SAM S CLUB LJ 6546 P
20304573,20/02/15,22,FARMA TYL MEDI E PER
13807668,20/02/15,5,LUMAR S CANTINA
23139853,20/02/15,"160,21",MERCADO J FREITAS
17899571,20/02/15,"33,78",POSTO TORQUE
17899571,20/02/15,"35,24",REDE DROGA MILLE
22767856,20/02/15,50,TREVO SERV AUTOMOTIV
35622577,20/03/14,"41,6",COBASI OSASCO
17899571,20/03/15,"34,37",AUTO POSTO CAMPANELL
22767856,20/03/15,"10,79",DROGARIA SAO PAULO 2
9589230,20/03/15,105,MUNDO DO IPHONE
22767856,20/03/15,"4,99",SACOLAO DOM VILARES
35622577,20/03/15,"424,53",SAM S CLUB LJ 6546 P
18621297,20/04/15,"108,6",BOA SUPERMERCADOS LJ
23139853,20/04/15,50,POSTO ASTRULA
17899571,20/04/15,"28,89",REDE DROGA MILLE
23139853,20/04/15,"40,1",RESTAURANTE DO ARLEY
23953783,20/04/15,50,SHELL
9589230,20/06/14,"10,2",CASA DAS FERRAGENS
9589230,20/06/14,"178,07",LOJAS RENNER FL 231
9589230,20/06/14,40,POSTO MATARIPE ABASTEC
9589230,20/06/14,35,RECARGA PRE PAGO
9589230,20/06/14,22,RESTAURANTE DOIS LEOES
17899571,20/06/14,"49,42",SABESP-0537100539              
18621297,20/07/15,"141,08",BOA SUPERMERCADOS LJ
35622577,20/07/15,"66,84",BRADESCO C-SABESP/SP
23953783,20/07/15,"40,13",BRILHANTE SUPERMERCA
35622577,20/07/15,12,LANCHONETE SULINA
23139853,20/07/15,"51,02",MERCADO J CENTRO LMT
9589230,20/07/15,14,RECARGA PRE PAGO
23953783,20/07/15,"20,64",SUPERMERCADO POTENCI
9589230,20/08/14,"78,85",CASA DAS FERRAGENS
17899571,20/08/14,7000,F F PORTO TRANSPORTES
22767856,20/08/15,"51,03",TREVO SERV AUTOMOTIV
9589230,20/10/14,"75,18",ALUMIACO
35622577,20/10/14,"51,94",CARREFOUR SPO 17
35622577,20/10/14,"17,5",CINEMARK GRANJA VIANA
35622577,20/10/14,"30,99",DROGARIA IEDA
17899571,20/10/14,28,PIZZARIA DOM CARLITO
9589230,20/10/14,100,POSTO BARROS REIS
17899571,20/10/14,"111,95",REDE DROGA MILLE
9589230,20/10/14,35,RJN MATERIAIS DE CON
35622577,20/10/14,"23,5",SUPER ERI
20304573,20/10/15,880,GREENPEOPLE INDUSTRIA E COMERCIO
9589230,20/11/14,70,ALUMINIO SALVADOR
17899571,20/11/14,200,AUTO POSTO GABRIELA
35622577,20/11/14,"14,99",HERING-SH.GRANJA VIANN
9589230,20/11/14,50,POSTO MATATU
23349426,20/11/14,32,RESTAURANTE JK
23139853,20/11/15,"116,03",POSTO IPIRANGA
23953783,20/11/15,30,VITORIA CELULARES
17899571,21/01/15,20,AUTO POSTO CAMPANELL
35622577,21/01/16,"4,5",CAFE DO PONTO
23953783,21/01/16,45,EXPLOSAO CONFECCOES
17899571,21/03/14,10000,F F PORTO TRANSPORTES
23349426,21/03/14,"29,5",RESTAURANTE JK
23953783,21/03/16,"65,1",BRILHANTE SUPERMERCA
17899571,21/03/16,"79,79",REDE DROGA MILLE
23349426,21/03/16,"61,47",SABESP                         
17899571,21/03/16,"35221,48",SUL AMERICA CIA NACIONAL DE SEGU
23515122,21/03/16,"7,6",SUPERMERCADO BOM PRE
23515122,21/03/16,"5,44",SUPERMERCADO BOM PRE
35622577,21/05/14,"492,91",CONDOMINIO MAIO
23953783,21/05/15,25,REDENCAO AUTO PECAS
17899571,21/07/14,"53,68",ACOUGUE
35622577,21/07/14,"27,09",ATACADAO 006 AS
9589230,21/07/14,"235,62",MAX VIDRACARIA
17899571,21/07/14,"236,8",POSTO BIZUNGAO
35622577,21/07/14,14,RECARGA PRE PAGO
17899571,21/07/14,"65,2",SABESP-0537100539              
18621297,21/08/15,"19,89",BOA SUPERMERCADOS LJ
24467512,21/08/15,"241,31",ELEKTRO/SP (CESP)-0004404874   
18621297,21/09/15,"16,47",BOA SUPERMERCADOS LJ
23953783,21/09/15,"18,57",BRILHANTE SUPERMERCA
14568932,21/09/15,8,DIA FRANQUIA
23953783,21/09/15,145,EXPLOSAO CONFECCOES
35622577,21/09/15,"24,2",MATRIZ DO ACAI
17899571,21/10/14,"691,47",ATACADAO 048 AS
9589230,21/10/14,"128,27",EXTRA 0606
9589230,21/10/14,"95,26",INTERNET B-BA-SUCOM/DAM
9589230,21/10/14,25,RECARGA PRE PAGO
9589230,21/10/14,10,RECARGA PRE PAGO
23349426,21/10/14,32,RESTAURANTE JK
25451293,21/10/15,10,AUTO POSTO N S SORRI
22767856,21/10/15,"65,32",FCIA PAGUE MENOS 250
22767856,21/10/15,"12,1",GOURMET E JUICE
17899571,21/11/14,200,AUTO POSTO GABRIELA
22767856,21/11/14,"95,69",DROG SAO PAULO FL 10
9589230,21/11/14,80,POSTO BARROS REIS
17899571,21/12/15,"328,51",ASSAI ATACADISTA
18148882,21/12/15,"37,22",JM VISAMAR SUPERMERC
18621297,21/12/15,"58,12",MERCADO FLORES
23139853,21/12/15,"102,65",MERCADO J FREITAS
17899571,21/12/15,32,PIZZARIA AGUIA
23953783,21/12/15,40,R R BATERIAS E AUTO
17899571,21/12/15,"39,4",REDE DROGA MILLE
22767856,21/12/15,"94,04",SACOLAO DOM VILARES
35622577,21/12/15,"26,63",SONDA SUPERMERCADOS
23953783,21/12/15,100,SUPERMERCADO ARAGUAI
17899571,22/01/15,21,AUTO POSTO CAMPANELL
24467512,22/01/15,"229,43",ELEKTRO/SP (CESP)-0004404874   
17899571,22/01/15,159,OPCION MOTOS
9589230,22/01/15,50,POSTO MATATU
17899571,22/01/16,"16,15",AUTO POSTO GABRIELA
25451293,22/01/16,"5,5",BRADESCO VIDA PREV-SEG.VIDA
17899571,22/01/16,"10,5",CASA DE PAES VALENZA
24467512,22/01/16,"288,52",ELEKTRO/SP (CESP)-0004404874   
22767856,22/01/16,"91,08",PIZZA E BIRRA
22767856,22/01/16,"19,7",PONTO GOURMET
17899571,22/02/16,1200,A C P da Cruz Pizzaria Me
23953783,22/02/16,170,AUTO PECAS LUBRIFIC
17899571,22/02/16,"20,26",CASA DE PAES VALENZA
23515122,22/02/16,13,CHURRASCARIA THOME
35622577,22/02/16,"14,1",DONA DEOLA
24467512,22/02/16,"226,64",ELEKTRO/SP (CESP)-0004404874   
20304573,22/02/16,"32,29",O BOTICARIO
20304573,22/02/16,"12,49",PATY PERFUMARIA
23349426,22/02/16,"61,47",SABESP                         
20304573,22/02/16,"33,11",SABOR DE PRIMEIRA
23515122,22/02/16,"41,61",SUPERMERCADO BOM PRE
23515122,22/02/16,"3,78",SUPERMERCADO BOM PRE
23139853,22/03/16,462,BOUTIQUE BLANC
22767856,22/03/16,"4,25",LOJINHA EXPRESS
23139853,22/03/16,"297,12",MERCADO J FREITAS
23349426,22/03/16,"62,19",SABESP                         
35622577,22/04/14,25,ATLANTA SNOOKER BAR
9904554,22/04/14,"9,94",BRADESCO VIDA PREV-SEG.VIDA
35622577,22/04/14,"5,33",DROG EXTRA JAGUARE LJ
35622577,22/04/14,"39,99",MARISA 773
35622577,22/04/14,"7,15",PAES E DOCES LAGO AZUL
17899571,22/04/14,"70,46",SABESP-0537100539              
17899571,22/04/15,31,AUTO POSTO CAMPANELL
17899571,22/04/15,"44,3",BG LESTE PETROLEO LT
35622577,22/04/15,"17,6",MERCADINHO DO LAGO
9589230,22/04/15,14,RECARGA PRE PAGO
24467512,22/05/14,"196,83",ELEKTRO/SP (CESP)-0004404874   
35622577,22/05/14,25,ICO ESTACIONAMENTOS
9589230,22/05/14,50,POSTO BONOCO
17899571,22/05/15,50,AUTO POSTO CID CAR L
9904554,22/05/15,"10,29",BRADESCO VIDA PREV-SEG.VIDA
22767856,22/05/15,50,POSTO VEYRON
23349426,22/05/15,"80,25",TELEFONICA/SP                  
23349426,22/05/15,"79,1",TELEFONICA/SP                  
18621297,22/06/15,"51,98",BOA SUPERMERCADOS LJ
18621297,22/06/15,"180,49",BOA SUPERMERCADOS LJ
9904554,22/06/15,"10,29",BRADESCO VIDA PREV-SEG.VIDA
17899571,22/06/15,280,RESOL CALHAS
35622577,22/06/15,"98,43",SBUMARINO
22767856,22/06/15,50,TREVO SERV AUTOMOTIV
17899571,22/07/14,"82,37",AUTO POSTO CAMPANELLA
17899571,22/07/14,10000,F F PORTO TRANSPORTES
9589230,22/07/14,14,RECARGA PRE PAGO
9904554,22/07/15,"10,29",BRADESCO VIDA PREV-SEG.VIDA
35622577,22/07/15,"11,5",VILLA DOS PAES
18621297,22/09/14,"125,29",BOA SUPERMERCADOS LJ
9589230,22/09/14,"2,25",BOBS
18621297,22/09/14,"64,8",CASA DO CONFEITEIRO
24467512,22/09/14,"196,17",ELEKTRO/SP (CESP)-0004404874   
35622577,22/09/14,4,PET SHOP
22767856,22/09/14,"24,9",POSTO MASH - SHELL
9589230,22/09/14,10,RECARGA PRE PAGO
9904554,22/09/15,"10,29",BRADESCO VIDA PREV-SEG.VIDA
24467512,22/09/15,"256,53",ELEKTRO/SP (CESP)-0004404874   
22767856,22/10/14,"545,73",AMEX OUT14
35622577,22/10/14,14,BLITZ SORVETERIA
9589230,22/10/14,50,POSTO MATATU
22767856,22/10/15,"6,1",GOURMET E JUICE
35622577,22/10/15,"114,72",SAM S CLUB LJ 6546 P
24798702,22/10/15,36,SKALA MODAS
24798702,22/12/14,"38,9",BELEZA NATURAL
9904554,22/12/14,"10,29",BRADESCO VIDA PREV-SEG.VIDA
22767856,22/12/14,"412,03",CONDOMINIO DEZ2014
9589230,22/12/14,"15,8",FARMAC
20304573,22/12/14,40,GIRAFFAS
35622577,22/12/14,"24,9",JJ GAST ASIATICA
20304573,22/12/14,16,PIZZARIA MALIBU
9589230,22/12/14,50,POSTO MATATU
9904554,22/12/14,"94,98",RI HAPPY - LJ103
17899571,22/12/15,138,AUTO POSTO CAMPANELL
17899571,22/12/15,"1087,79",BANCO BRADESCO CART ES
23139853,22/12/15,345,FASCINIO MODAS
35622577,22/12/15,1829,POS ENG MKT 11/12
9589230,23/01/15,99,ALUMIVIDROS
9904554,23/01/15,"10,29",BRADESCO VIDA PREV-SEG.VIDA
9589230,23/01/15,"35,65",CASA DAS FERRAGENS
9589230,23/01/15,14,RECARGA PRE PAGO
24467512,23/01/15,"145,29",SABESP-0345772547              
17899571,23/02/15,"11,99",ACOUGUE
24092021,23/02/15,60,AUTO POSTO ABEL GALI
9904554,23/02/15,"10,29",BRADESCO VIDA PREV-SEG.VIDA
24467512,23/02/15,"225,07",ELEKTRO/SP (CESP)-0004404874   
17899571,23/02/15,100,G M A DIESEL AUTO PE
35622577,23/02/15,30,LANCHONETE DAN DOG
9589230,23/02/15,"89,59",LIVRARIA MONTEIRO
9589230,23/02/15,"13,4",LOJAS RENNER FL 231
9589230,23/02/15,86,LOJAS RENNER FL 231
13807668,23/02/15,5,LUMAR S CANTINA
17899571,23/02/15,"82,79",PECA-BEM W GM F MERC
9589230,23/02/15,50,POSTO TAQUIPE
9589230,23/02/15,14,RECARGA PRE PAGO
35622577,23/02/15,"23,48",RESTAURANTE ASIATIKA
35622577,23/02/15,44,RESTAURANTE PRC DA ART
9904554,23/02/16,"11,15",BRADESCO VIDA PREV-SEG.VIDA
23139853,23/02/16,"153,5",CASA DE CARNES MARIANO
23349426,23/02/16,"62,43",SABESP                         
23349426,23/02/16,"62,19",SABESP                         
35622577,23/02/16,"177,62",SAM S CLUB LJ 6546 P
17899571,23/03/15,200,A C P DA CRUZ PIZZARIA
17899571,23/03/15,14,CASA DE PAES VALENZA
35622577,23/03/15,"29,3",COMERCIAL QUASE TUDO
17899571,23/03/15,77,PIZZARIA FABULOSA
9589230,23/03/15,14,RECARGA PRE PAGO
9904554,23/03/16,"11,15",BRADESCO VIDA PREV-SEG.VIDA
22767856,23/03/16,"32,9",HAVAIANAS SHOPPING N
23349426,23/03/16,"62,67",SABESP                         
23349426,23/03/16,"62,43",SABESP                         
35622577,23/03/16,"395,08",SAM S CLUB LJ 6546 P
35622577,23/04/14,"9,83",GOSTO ANTIGO
22767856,23/04/15,"107,9",DROG SAO PAULO FL 18
17899571,23/04/15,35,MASTER CELL
35622577,23/04/15,"33,05",REINO DO CHURRASCO
22767856,23/04/15,50,TREVO SERV AUTOMOTIV
9904554,23/05/14,"9,94",BRADESCO VIDA PREV-SEG.VIDA
17899571,23/06/14,222,AUTO POSTO DANILO
17899571,23/06/14,"19,49",POSTO ISIKAWA
9589230,23/06/14,13,RECARGA CLARO PRE PAGO
17899571,23/06/14,"146,23",SUPERMERCADO NAGUMO
24092021,23/06/15,27,CONSTRUSUL
24467512,23/06/15,"307,74",ELEKTRO/SP (CESP)-0004404874   
24467512,23/07/14,"167,43",ELEKTRO/SP (CESP)-0004404874   
17899571,23/07/14,220,POSTO MERCOLUB
17899571,23/07/14,"184,38",XAVIER AUTO POSTO
24467512,23/07/15,"238,04",ELEKTRO/SP (CESP)-0004404874   
22767856,23/07/15,6,MERCEARIA BERRINI LT
23953783,23/07/15,53,R R BATERIAS E AUTO
22767856,23/09/14,60,ALESAT AUTO POSTO TR
35622577,23/09/14,"34,9",C&C OSASCO
9589230,23/09/14,"57,4",REST RECANTO DO VALE
23349426,23/09/14,"31,5",RESTAURANTE JK
35622577,23/09/15,"10,6",DONA DEOLA
23953783,23/09/15,"5,98",SUPERMERCADO MUNDIAL
35622577,23/09/15,"25,3",VILLA DOS PAES
9589230,23/10/14,114,ALUMIVIDROS
9589230,23/10/14,"32,99",ALUMIVIDROS
9904554,23/10/14,"9,94",BRADESCO VIDA PREV-SEG.VIDA
9589230,23/10/14,50,POSTO MATATU
35622577,23/10/14,50,REINO DO CHURRASCO
9904554,23/10/15,"10,29",BRADESCO VIDA PREV-SEG.VIDA
9904554,23/11/15,"11,15",BRADESCO VIDA PREV-SEG.VIDA
22767856,23/11/15,"19,4",CENTER CARNES
24467512,23/11/15,"289,46",ELEKTRO/SP (CESP)-0004404874   
23139853,23/11/15,"116,03",POSTO IPIRANGA
20304573,23/11/15,26,REST JD BANGU
14568932,23/11/15,6,SEMPRE VALE SUPER L
35622577,23/12/14,"36,6",HABIB S
17899571,23/12/14,50,POSTO CIDADE VARGAS
18621297,23/12/15,"94,1",BOA SUPERMERCADOS LJ
9904554,23/12/15,"11,15",BRADESCO VIDA PREV-SEG.VIDA
22767856,23/12/15,"105,98",C&A SCS - 197
22767856,23/12/15,"63,8",CACAU SHOW
23139853,23/12/15,"54,3",CASA DE CARNES MARIANO
24467512,23/12/15,"282,37",ELEKTRO/SP (CESP)-0004404874   
23139853,23/12/15,"139,31",MERCADO J FREITAS
24467512,23/12/15,"251,84",SABESP-0345772547              
35622577,23/12/15,"137,81",SAM S CLUB LJ 6546 P
24092021,24/02/15,115,CASAS LIRA 4
35622577,24/02/15,"18,5",CINEMARK GRANJA VIANA
23139853,24/02/15,74,FADALEAL SUPERMERCAD
35622577,24/02/15,"8,58",MERCADINHO LAGO AZUL L
24467512,24/02/15,"97,42",SABESP-0345772547              
23139853,24/02/16,"78,68",MERCADO J FREITAS
22767856,24/02/16,"58,99",O BOTICARIO 17781
24467512,24/02/16,"187,37",SABESP-0345772547              
23515122,24/02/16,"4,55",SUPERMERCADO BOM PRE
35622577,24/03/14,33,CHURRRASCARIA BRAKE DO
24467512,24/03/14,"163,07",ELEKTRO/SP (CESP)-0004404874   
24798702,24/03/14,"10,05",LTP COMERCIO DE ALIM
9589230,24/03/15,"72,7",CASA DAS FERRAGENS
24467512,24/03/15,"247,22",ELEKTRO/SP (CESP)-0004404874   
9589230,24/03/15,30,POSTO MATARIPE
22767856,24/03/16,"6,1",GOURMET E JUICE
22767856,24/03/16,89,LE CHEF GATO
24467512,24/03/16,"303,71",SABESP-0345772547              
23953783,24/03/16,"59,87",SUPERMERCADO POTENCI
24467512,24/04/14,"141,36",ELEKTRO/SP (CESP)-0004404874   
9589230,24/04/14,30,POSTO DOIS LEOES
24467512,24/04/14,"247,36",SABESP-0345772547              
9904554,24/04/15,"10,29",BRADESCO VIDA PREV-SEG.VIDA
35622577,24/04/15,"16,5",JK EMPORIO DE CHOCOL
35622577,24/04/15,"54,9",MULTICOISAS
9589230,24/04/15,"61,5",PANELA DE FERRO
22767856,24/04/15,"96,8",PET CENTER BANDEIRAN
24467512,24/04/15,"183,09",SABESP-0345772547              
24092021,24/06/15,"5,04",SUPERMERCADO ALENCAR
23349426,24/07/14,50,AUTO POSTO BAETA NEVES
23953783,24/07/15,30,ALESAT AUTO POSTO IA
24467512,24/07/15,"251,84",SABESP-0345772547              
35622577,24/07/15,"14,8",VILLA DOS PAES
9589230,24/08/15,80,A1 TRAINER
14568932,24/08/15,30,ALTERNATIVA MODAS
9904554,24/08/15,"10,29",BRADESCO VIDA PREV-SEG.VIDA
14568932,24/08/15,"4,2",DIA FRANQUIA
14568932,24/08/15,"79,99",PASSARELA MODAS
23139853,24/08/15,"67,01",POSTO SERVAL
35622577,24/08/15,"4,5",VILLA DOS PAES
22767856,24/09/14,"526,1",AMEX SET14
23349426,24/09/14,149,AUTO POSTO BAETA NEVES
24467512,24/09/14,"247,36",SABESP-0345772547              
24467512,24/09/15,"211,13",SABESP-0345772547              
9589230,24/10/14,20,CASA DAS FERRAGENS
24467512,24/10/14,500,RESTAURANTE E PADARIA S. F. LTDA
24467512,24/10/14,"208,48",SABESP-0345772547              
22767856,24/10/14,"9,5",SUBWAY IBIRAPUERA
17899571,24/11/14,50,POSTO CIDADE VARGAS
9589230,24/11/14,50,POSTO MATARIPE
17899571,24/11/14,46,RDV COMERCIO
23349426,24/11/14,32,RESTAURANTE JK
22767856,24/11/14,"13,03",SANTE COZINHA
23349426,24/11/15,"82,28",TELEFONICA/SP                  
24467512,24/12/14,"136,87",SABESP-0345772547              
17899571,24/12/15,154,AUTO POSTO AGUIA SX
17899571,24/12/15,1000,F F Porto Transportes
17899571,24/12/15,"50,75",LANC. REST. BIZUNGAO
18621297,24/12/15,"11,13",MINI MERCADO BERTOLI
17899571,24/12/15,"111,39",POSTO BIZUNGAO
22767856,25/01/16,"102,44",ALO BEBE
17899571,25/01/16,50,AUTO POSTO CAMPANELLA
20304573,25/01/16,"15,75",BAR AMIGOS DA 19
17899571,25/01/16,"7,25",CASA DE PAES VALENZA
20304573,25/01/16,"36,99",CENTAURO CE 76
20304573,25/01/16,"52,5",DMPT BAR E RESTAURAN
17899571,25/01/16,"28,3",MERCADINHO DO PRIMATA
18148882,25/01/16,"39,33",MERCADO COMPRE MAIS
22767856,25/01/16,15,MR2 PARKING ESTACION
20304573,25/01/16,"19,96",MULTI MARKET JD BANG
23953783,25/01/16,"21,55",NOKILO RESTAURANTE
24467512,25/01/16,"303,71",SABESP-0345772547              
24092021,25/02/15,15,AUTO POSTO ABEL GALI
24092021,25/02/15,100,AUTO POSTO ABEL GALI
9375037,25/02/15,"150,78",BRADESCO PREVIDENCIA E SEGUROS
17899571,25/02/15,12,CARUSO AUTO PECAS
23139853,25/02/15,"130,35",POSTO BIG SENADOR
22767856,25/02/16,8,LANCHONETE BERRINI
35622577,25/02/16,"126,5",SAM S CLUB LJ 6546 P
23515122,25/02/16,"5,22",SUPERMERCADO BOM PRE
17899571,25/03/14,"1074,54",BRADESCO AUTO  RE S/A
22767856,25/03/15,"5,3",2 via CARTAODEBITO             
35622577,25/03/15,"527,76",CONDOMINIO AGOSTO
17899571,25/03/15,"258,32",KI TOURO CARNES
9589230,25/03/15,30,POSTO MATATU
24467512,25/03/15,"177,58",SABESP-0345772547              
17899571,25/04/14,"1074,54",BRADESCO AUTO  RE S/A
23953783,25/05/15,50,ALESAT AUTO POSTO IA
17899571,25/05/15,"74,98",ATLANTA AUTO PECAS
17899571,25/05/15,"31,6",ATLANTA AUTO PECAS
22767856,25/05/15,"113,21",DROG SAO PAULO FL 18
24798702,25/05/15,"32,49",DROGARIA SANTANA
35622577,25/05/15,"5,58",LOJAS AMERICANAS 73
23139853,25/05/15,"299,7",NIKE
17899571,25/05/15,50,POSTO DE SVS NOVO ANEL
9589230,25/05/15,14,RECARGA PRE PAGO
35622577,25/05/15,"7,8",VILLA DOS PAES
17899571,25/06/14,"104,23",AUTO POSTO CID CAR L
17899571,25/06/14,"1074,58",BRADESCO AUTO  RE S/A
17899571,25/06/14,"578,91",BRADESCO AUTO  RE S/A
24467512,25/06/14,"260,32",SABESP-0345772547              
35622577,25/06/15,"38,17",CARLUZ CASA CARNES
35622577,25/06/15,"11,05",MERCADINHO DO LAGO
23953783,25/06/15,"78,4",RR ESCAPAMENTOS
24467512,25/06/15,"218,47",SABESP-0345772547              
9904554,25/06/15,"12,65",SUPERMERCADO OPCAO
35622577,25/07/14,20,A MELHOR FATIA DA PIZZ
17899571,25/07/14,"578,91",BRADESCO AUTO  RE S/A
25223042,25/07/14,"109,5",BRADESCO AUTO  RE S/A
24467512,25/07/14,"227,92",SABESP-0345772547              
20304573,25/08/14,"234,75",AREZZO
20304573,25/08/14,"61,75",BELEZA DE BANGU COM
17899571,25/08/14,"578,91",BRADESCO AUTO  RE S/A
20304573,25/08/14,"522,29",PREZUNIC 726
24467512,25/08/14,"234,4",SABESP-0345772547              
20304573,25/08/14,"48,2",SPOLETO BANGU
35622577,25/08/14,26,SUBWAY RAPOSO
17899571,25/08/15,"5,85",2 via CARTAODEBITO             
17899571,25/09/14,"94,09",AUTO POSTO AGUIA SX
17899571,25/09/14,"578,91",BRADESCO AUTO  RE S/A
17899571,25/09/14,200,CHOPERIA DIVINO CHOP
9589230,25/09/14,10,RECARGA PRE PAGO
23349426,25/09/14,"31,5",RESTAURANTE JK
35622577,25/09/15,13,PAGSEGUROUOL*CookGou
23953783,25/09/15,"94,06",SUPERMERCADO MUNDIAL
9589230,25/11/14,15,MERCES MAT DE CONSTRUC
17899571,25/11/14,38,RDV COMERCIO
17899571,25/11/14,"53,9",RDV COMERCIO
23349426,25/11/14,32,RESTAURANTE JK
24467512,25/11/14,"141,4",SABESP-0345772547              
17899571,25/11/15,50,AUTO POSTO GABRIELA
17899571,25/11/15,90,CATARINENSE HORT
24467512,25/11/15,"211,13",SABESP-0345772547              
23349426,25/11/15,"83,24",TELEFONICA/SP                  
9589230,26/01/15,28,ALUMIVIDROS
22767856,26/01/15,"525,51",AMEX JAN15
35622577,26/01/15,"97,78",ATACADAO 006 AS
9589230,26/01/15,"42,06",BOMPRECO BA LJ 075
35622577,26/01/15,"12,9",CARREFOUR SPO 17
9589230,26/01/15,"13,55",FRIGORIFICO DO MANE
35622577,26/01/15,"11,6",G PET SHOP
9589230,26/01/15,"30,6",HORTIFRUTI MANANCIAL
22767856,26/01/15,"63,6",INTERNET B-ELETROPAULO METROP.
9589230,26/01/15,"184,75",LOJAS RENNER FL 231
9589230,26/01/15,50,POSTO BONOCO
22767856,26/01/16,"102,44",ALO BEBE
17899571,26/01/16,50,AUTO POSTO CAMPANELLA
17899571,26/01/16,"7,25",CASA DE PAES VALENZA
22767856,26/01/16,"6,1",GOURMET E JUICE
17899571,26/01/16,"28,3",MERCADINHO DO PRIMATA
22767856,26/01/16,15,MR2 PARKING ESTACION
17899571,26/01/16,20,RECARGA POS - PARCEIRO
35622577,26/02/15,"170,33",BRADESCO AUTO  RE S/A
13807668,26/02/15,2,LUMAR S CANTINA
22767856,26/02/16,"8,5",LANCHONETE BERRINI
23515122,26/02/16,"7,44",SUPERMERCADO BOM PRE
17899571,26/03/14,"39,48",ACOUGUE
35622577,26/03/14,"1106,8",FINANCIAMENTO 3/300
18621297,26/03/14,"36,45",MINI MERCADO BERTOLI
24467512,26/03/14,"260,32",SABESP-0345772547              
13807668,26/03/15,4,LUMAR S CANTINA
9589230,26/03/15,14,RECARGA PRE PAGO
17899571,26/05/14,"97,75",AUTO POSTO CID CAR L
17899571,26/05/14,"578,91",BRADESCO AUTO  RE S/A
17899571,26/05/14,"1074,54",BRADESCO AUTO  RE S/A
35622577,26/05/14,"17,02",CARREFOUR SPO 17
9375037,26/05/14,"15,15",FCIA PAGUE MENOS 142
35622577,26/05/14,"1102,77",FINANCIAMENTO 5/300
24467512,26/05/14,202,SABESP-0345772547              
35622577,26/05/14,"60,55",SEM PARAR
17899571,26/05/15,100,AUTO POSTO GABRIELA
17899571,26/05/15,"13,75",BAR DE FATIMA
17899571,26/05/15,"9,5",BAR DE FATIMA
23139853,26/05/15,"213,23",MERCADO J FREITAS
24467512,26/05/15,"177,58",SABESP-0345772547              
17899571,26/06/15,50,AUTO POSTO CAMPANELL
9375037,26/06/15,"150,78",BRADESCO PREVIDENCIA E SEGUROS
9589230,26/08/14,24,LOJAO DA REFORMA
20304573,26/08/14,500,PAPILLON OTICA
23139853,26/08/15,"46,9",A BOTICA CENTRAL
24467512,26/08/15,"259,01",SABESP-0345772547              
22767856,26/10/15,"11,8",GOURMET E JUICE
23139853,26/10/15,"64,01",POSTO ASTRULA
24467512,26/10/15,"173,59",SABESP-0345772547              
35622577,26/10/15,"23,05",VILLA DOS PAES
17899571,26/11/14,"3,6",MEGA PAO
17899571,26/11/14,"36,3",RDV COMERCIO
23349426,26/11/14,32,RESTAURANTE JK
22767856,26/11/14,"22,03",SANTE COZINHA
9375037,26/11/14,258,ZARA RIO MAR - RECIFE
35622577,26/11/15,1829,POS ENG MKT 10/12
17899571,26/11/15,"724,39",SUHAI SEGUROS S.A.
23349426,26/11/15,"83,56",TELEFONICA/SP                  
35622577,26/12/14,"32,5",LANCHONETE DAN DOG
9589230,26/12/14,"116,49",LE BISCUIT
9589230,26/12/14,"51,6",LEITURA BELA VISTA
17899571,26/12/14,185,POSTO AGUIAR
9589230,26/12/14,50,POSTO MATARIPE
17899571,26/12/14,"329,4",SUPERMERCAD MODELO
9589230,27/01/15,"71,95",ALUMIVIDROS
9589230,27/01/15,"14,5",ALUMIVIDROS
9589230,27/01/15,"954,69",ALUMIVIDROS
24798702,27/01/15,"9,4",DROGARIA SAO PAULO
9589230,27/01/15,50,POSTO MATATU
22767856,27/01/15,"69,8",SKY-TV ASSINATURA*-160949283   
22767856,27/01/16,"7,8",BAR E LANCHES BERRIN
22767856,27/01/16,"76,8",SKY-TV ASSINATURA*-160949283   
13807668,27/02/15,"10,44",CASA DE CARNES CANTO D
23139853,27/02/15,"99,99",LE POSTICHE CURITIBA
22767856,27/02/15,"294,57",PAGAMENTO CONTA MAE
13807668,27/02/15,"3,95",PEG PAO FORTE LTDA
22767856,27/02/15,"43,8",SAPATARIA DO FUTURO
22767856,27/02/15,"69,8",SKY-TV ASSINATURA*-160949283   
9375037,27/03/15,"150,78",BRADESCO PREVIDENCIA E SEGUROS
9589230,27/03/15,192,PET SHOP DOG4S LIFE
22767856,27/03/15,"69,8",SKY-TV ASSINATURA*-160949283   
35622577,27/04/15,"114,06",CARREFOUR SPO 17
23139853,27/04/15,50,CHURRASCARIA 477
35622577,27/04/15,"28,7",EXPRESSINHO DA VILA
9589230,27/04/15,34,PANELA DE FERRO
23139853,27/04/15,125,POSTO ASTRULA
35622577,27/04/15,22,QUIK PARK
17899571,27/04/15,25,RECARGA PRE PAGO
9589230,27/04/15,14,RECARGA PRE PAGO
9589230,27/04/15,"35,5",RESTAURANTE DE MENOR
22767856,27/04/15,"69,8",SKY-TV ASSINATURA*-160949283   
9589230,27/05/14,"114,27",LOJAS RENNER FL 231
9589230,27/05/14,14,RECARGA PRE PAGO
9375037,27/05/15,"150,78",BRADESCO PREVIDENCIA E SEGUROS
9589230,27/05/15,"10,92",EXTRA 0606
22767856,27/05/15,23,MERCEARIA BERRINI LT
9375037,27/05/15,20,RECARGA PRE PAGO
9375037,27/05/15,"130,66",RECIFE MERC ALIM LTD
22767856,27/05/15,"74,8",SKY-TV ASSINATURA*-160949283   
35622577,27/06/14,"121,3",BRADESCO AUTO  RE S/A
20304573,27/06/14,"541,1",PORTO SEGURO CIA DE SEGUROS GERA
23953783,27/07/15,20,AUTO POSTO ANHANGUER
22767856,27/07/15,"5,99",HORTELA BOMBONIERE
18621297,27/07/15,71,LAJES E BLOCOS SERRA
22767856,27/07/15,2,LOJINHA EXPRESS
22767856,27/07/15,"55,98",PET CENTER BANDEIRAN
23953783,27/07/15,90,PETROVALE
17899571,27/07/15,"50,01",POSTO DE SVS NOVO ANEL
22767856,27/07/15,"76,8",SKY-TV ASSINATURA*-160949283   
35622577,27/07/15,"11,7",VILLA DOS PAES
18621297,27/08/14,"124,4",MARITIMA SEGUROS S/A
20304573,27/08/14,"541,1",PORTO SEGURO CIA DE SEGUROS GERA
22767856,27/08/14,50,POSTO EXTRA IPIRANGA
22767856,27/08/14,"69,8",SKY BRASIL SERV/SP*-6094928    
35622577,27/08/15,"65,5",SAM S CLUB LJ 6546 P
22767856,27/08/15,"76,8",SKY-TV ASSINATURA*-160949283   
17899571,27/10/14,"84,73",ATACADAO 048 AS
9589230,27/10/14,"33,3",CASA DAS FERRAGENS
35622577,27/10/14,"28,95",LOJAS AMERICANAS 658
18621297,27/10/14,"57,87",MINI MERCADO BERTOLI
17899571,27/10/14,50,POSTO DE SERV NOVA JER
9589230,27/10/14,50,POSTO NOVO HORIZONTE
9589230,27/10/14,14,RECARGA PRE PAGO
9589230,27/10/14,10,RECARGA PRE PAGO
35622577,27/10/14,"39,8",RIACHUELO 234
22767856,27/10/14,"69,8",SKY-TV ASSINATURA*-160949283   
35622577,27/10/14,"24,49",TELHANORTE RAPOSO
25451293,27/10/15,20,AUTO POSTO N S SORRI
9589230,27/10/15,"12,94",FARMACIA MAGNO MAGAL
22767856,27/10/15,"6,1",GOURMET E JUICE
22767856,27/10/15,"6,5",GOURMET E JUICE
22767856,27/10/15,"76,8",SKY-TV ASSINATURA*-160949283   
9589230,27/11/14,"80,81",LE BISCUIT
22767856,27/11/14,"571,77",PAGTO AMEX NOV14
22767856,27/11/14,"19,99",RAIA DROGASIL 547 CE
17899571,27/11/14,24,RDV COMERCIO
23349426,27/11/14,32,RESTAURANTE JK
22767856,27/11/14,"69,8",SKY-TV ASSINATURA*-160949283   
23139853,27/11/15,"56,44",FADALEAL SUPERMERCAD
9589230,27/11/15,50,FLEX FITNSS ACADEMIA
23139853,27/11/15,"279,99",RI HAPPY
23139853,27/11/15,"599,99",RI HAPPY
22767856,27/11/15,"76,8",SKY-TV ASSINATURA*-160949283   
23349426,27/11/15,"83,88",TELEFONICA/SP                  
22767856,27/11/15,50,TREVO SERV AUTOMOTIV
9375037,28/01/15,"115,07",RECIFE MERC ALIM LTD
18621297,28/01/16,"107,08",BOA SUPERMERCADOS LJ
20304573,28/01/16,"11,96",LOJAS AMERICANAS 523
20304573,28/01/16,41,NA BRASA COLUMBIA
23349426,28/03/14,"29,5",BAR E RESTAURANTE JK
35622577,28/03/14,"121,3",BRADESCO AUTO  RE S/A
17899571,28/03/14,240,COLONIAL BAR
24798702,28/03/14,30,FARMO CAMACARI
22767856,28/03/16,"8,5",BAR E LANCHES BERRINE
22767856,28/03/16,"66,15",COBASI ABRAAO MORAIS
17899571,28/03/16,2000,F F PORTO TRANSPORTES
17899571,28/03/16,20,LUAMAR PIZZARIA
17899571,28/03/16,100,POSTO DE SERV NOVA JER
17899571,28/03/16,"24,35",REDE DROGA MILLE
35622577,28/03/16,"73,42",SAM S CLUB LJ 6546 P
22767856,28/03/16,"76,8",SKY-TV ASSINATURA*-160949283   
35622577,28/04/14,"1077,66",APTO 4/300
13807668,28/04/14,"20,5",MC DONALDS  PGS
35622577,28/04/14,"8,65",PAES E DOCES LAGO AZUL
9375037,28/04/15,"150,78",BRADESCO PREVIDENCIA E SEGUROS
9375037,28/04/15,"38,73",FARMACIAS PAGUE MENOS
35622577,28/04/15,"169,77",SAM S CLUB LJ 6546 P
17899571,28/05/14,"56,94",RESTAURANTE FRIGIDEIRA
17899571,28/05/15,20,AUTO POSTO CAMPANELL
35622577,28/05/15,"170,33",BRADESCO AUTO  RE S/A
22767856,28/05/15,"1,5",MC DONALDS  D&D
35622577,28/05/15,"5,38",MERCADINHO DO LAGO
9589230,28/05/15,14,RECARGA PRE PAGO
17899571,28/07/14,170,ALESAT POSTO RADAR
9589230,28/07/14,"53,62",EXTRA 0606
13807668,28/07/14,21,MC DONALDS  PGS
9589230,28/07/14,"48,5",MERCES MAT DE CONSTRUC
35622577,28/07/14,11,PAES E DOCES LAGO AZUL
9589230,28/07/14,"3,91",PANDELLI DELICATESSE
17899571,28/07/14,"215,49",POSTO BAR E REST DENIS
22767856,28/07/14,"69,8",SKY BRASIL SERV/SP*-6094928    
22767856,28/07/15,50,DUTRAO AUTO POSTO LT
18621297,28/07/15,"15,83",MINI MERCADO BERTOLI
35622577,28/08/14,"121,3",BRADESCO AUTO  RE S/A
20304573,28/08/14,"27,8",CEA BAN 273
20304573,28/08/14,"139,98",CENTAURO CE 76
9589230,28/08/14,"4,59",PANDELLI DELICATESSE
9589230,28/08/14,50,POSTO NEVES
20304573,28/08/14,59,REST JD BANGU
35622577,28/08/15,"170,33",BRADESCO AUTO  RE S/A
17899571,28/08/15,42,LESTE PISCINAS
22767856,28/08/15,"18,65",MERCEARIA BERRINI LT
22767856,28/08/15,"284,25",PAGTO AMEX
9589230,28/08/15,15,RECARGA PRE PAGO
23953783,28/09/15,90,AUTO ELETRICA REDENC
35622577,28/09/15,"13,5",GRAAL
35622577,28/09/15,25,LEUS PARK
22767856,28/09/15,"40,63",PIZZA E BIRRA
35622577,28/09/15,1829,POS GRADUACAO ENG MKT 8/12
22767856,28/09/15,"76,8",SKY-TV ASSINATURA*-160949283   
17899571,28/10/14,435,SUGUIURA MAT CONSTR
22767856,28/10/15,"6,1",GOURMET E JUICE
9904554,28/11/14,"10,29",BRADESCO VIDA PREV-SEG.VIDA
35622577,28/11/14,"35,36",DROGARIA SAO PAULO 3
9589230,28/11/14,50,POSTO MATARIPE
9375037,28/11/14,1499,SARAIVA RIOMAR 620
9589230,28/11/14,88,SCALA TEMPERA
22767856,28/12/15,"9,6",30 CARTORIO-IBIRAPUE
17899571,28/12/15,100,AUTO POSTO ESCALA
18621297,28/12/15,"44,11",BOA SUPERMERCADOS LJ
17899571,28/12/15,"15,7",LANC. REST. BIZUNGAO
35622577,28/12/15,"143,03",SAM S CLUB LJ 6546 P
22767856,28/12/15,"76,8",SKY-TV ASSINATURA*-160949283   
18148882,28/12/15,"33,87",SUPERMERCADO GUANABA
35622577,29/01/15,"170,33",BRADESCO AUTO  RE S/A
35622577,29/01/15,"15,6",SARAIVA OSASCO 58
20304573,29/01/16,"17,75",BAR AMIGOS DA 19
22767856,29/01/16,"489,04",CONDOMINIO GRAN VILLAGE CLUB
35622577,29/01/16,"8,25",INTERNET
22767856,29/02/16,"319,88",ALO BEBE
24798702,29/02/16,"44,89",HERING
9589230,29/02/16,"174,47",LOJAS RENNER FL 231
35622577,29/02/16,90,POSTO NAVEGANTES
22767856,29/02/16,"76,8",SKY-TV ASSINATURA*-160949283   
35622577,29/02/16,"29,25",SORVEXITA
23515122,29/02/16,"4,28",SUPERMERCADO BOM PRE
23515122,29/02/16,"7,31",SUPERMERCADO BOM PRE
22767856,29/03/16,"73,96",DROGARIA SAO PAULO 2
22767856,29/03/16,"149,7",TOK E STOK D E D
35622577,29/04/14,"121,3",BRADESCO AUTO  RE S/A
19049709,29/04/14,"3,7",BRADESCO VIDA PREV-SEG.VIDA
35622577,29/04/15,"170,33",BRADESCO AUTO  RE S/A
19049709,29/04/15,"3,83",BRADESCO VIDA PREV-SEG.VIDA
22767856,29/04/15,"5,98",DROGARIA SAO PAULO 2
13807668,29/04/15,"7,5",SORVETERIA BOQUEIRAO
23349426,29/05/14,50,AUTO POSTO BAETA NEVES
35622577,29/05/14,"121,3",BRADESCO AUTO  RE S/A
19049709,29/05/14,"3,7",BRADESCO VIDA PREV-SEG.VIDA
17899571,29/05/15,1080,AUTOMOTIVO SANCHES
19049709,29/05/15,"3,83",BRADESCO VIDA PREV-SEG.VIDA
22767856,29/05/15,50,CENTRO AUTOMOTIVO FI
22767856,29/05/15,"418,12",CONDOMINIO MARCO
17899571,29/05/15,130,LAKYS MATERIAIS
24798702,29/05/15,20,POSTO GL
35622577,29/06/15,"170,33",BRADESCO AUTO  RE S/A
19049709,29/06/15,"3,83",BRADESCO VIDA PREV-SEG.VIDA
9589230,29/06/15,"39,6",MERCES MAT DE CONSTRUC
24798702,29/06/15,50,POSTO TREVO 3
17899571,29/06/15,"39,32",REDE DROGA MILLE
22767856,29/06/15,"74,8",SKY-TV ASSINATURA*-160949283   
19049709,29/07/14,"3,7",BRADESCO VIDA PREV-SEG.VIDA
17899571,29/07/14,55,LU BIJOUX
9589230,29/07/14,"6,86",PANDELLI DELICATESSEN
9589230,29/07/14,50,POSTO DOIS LEOES
9589230,29/07/15,115,ARENA DA BELEZA
9589230,29/07/15,"29,49",BOMPRECO BA LJ 075
35622577,29/07/15,"10,05",CENTRAL DISTRIBUIDOR
24092021,29/07/15,"111,75",CONSTRUSUL
24092021,29/07/15,50,PONTO DO ELETRICISTA
22767856,29/07/15,"18,89",RAIA DROGASIL 547 CE
24092021,29/07/15,15,TUPEX MAT DE CONSTR
19049709,29/08/14,"3,7",BRADESCO VIDA PREV-SEG.VIDA
20304573,29/08/14,"319,9",FAGUTO SAUDE
20304573,29/08/14,"59,98",FISICO E FORMA
22767856,29/08/14,"47,4",LIVRO
20304573,29/08/14,"118,95",PARME
35622577,29/09/14,"121,3",BRADESCO AUTO  RE S/A
35622577,29/09/14,"16,97",CARREFOUR SPO 17
9589230,29/09/14,"104,11",EXTRA 0606
17899571,29/09/14,8,MERCADINHO ALFREDINHO
22767856,29/09/14,"69,8",SKY BRASIL SERV/SP*-6094928    
35622577,29/09/15,"170,33",BRADESCO AUTO  RE S/A
22767856,29/10/14,5,AC ESCUDEIRO
19049709,29/10/14,"3,7",BRADESCO VIDA PREV-SEG.VIDA
17899571,29/10/14,169,CASAS BAHIA
9375037,29/10/14,1130,CONSTRUFACI CONTRUCO
22767856,29/10/15,"6,1",GOURMET E JUICE
9589230,29/10/15,226,LOJAS RENNER FL 231
35622577,29/10/15,"75,54",SAM S CLUB LJ 6546 P
19049709,29/12/14,"3,7",BRADESCO VIDA PREV-SEG.VIDA
9589230,29/12/14,74,CASA DAS FERRAGENS
22767856,29/12/14,"39,04",INTERNET B-ELETROPAULO METRO   
9589230,29/12/14,"31,08",MERCADINHO MASCARENH
9589230,29/12/14,"23,9",MERCES MAT DE CONSTRUC
9589230,29/12/14,70,POSTO BR/POSTO NAMORAD
22767856,29/12/14,"69,8",SKY-TV ASSINATURA*-160949283   
22767856,29/12/14,50,TREVO SERV AUTOMOTIV
18621297,29/12/15,"22,96",BOM BAIANO DISTRIBUI
17899571,29/12/15,"23,28",JIN JIN TATUAPE
17899571,29/12/15,"81,98",O BOTICARIO 14016
17899571,29/12/15,"724,38",SUHAI SEGUROS S.A.
17899571,30/01/15,"8,49",ACOUGUE
9589230,30/01/15,"236,21",ALUMIVIDROS
19049709,30/01/15,"3,83",BRADESCO VIDA PREV-SEG.VIDA
35622577,30/01/15,"17,6",CAFE BARGAS
17899571,30/01/15,"26,34",MERCADINHO NIPPO
9589230,30/01/15,50,POSTO MATATU
23139853,30/01/15,113,POSTO REGISTRO
35622577,30/03/15,"170,33",BRADESCO AUTO  RE S/A
19049709,30/03/15,"3,83",BRADESCO VIDA PREV-SEG.VIDA
13807668,30/03/15,"5,4",LUMAR S CANTINA
23139853,30/03/15,"82,55",MERCADO J FREITAS
9589230,30/03/15,30,POSTO MATATU
17899571,30/04/14,"93,8",AUTO POSTO CID CAR L
9589230,30/04/15,"40,64",ALUMIVIDROS
35622577,30/04/15,"17,5",CINEMARK GRANJA VIANA
35622577,30/04/15,"1088,35",FINAN 16/300
17899571,30/04/15,55,MASTER CELL
9589230,30/04/15,349,MAX VIDRACARIA
17899571,30/06/14,"22,3",ACOUGUE
9589230,30/06/14,"61,81",BOM PRECO B 520 HIPE
17899571,30/06/14,9,BOX CINEMAS-ITAQUERA
19049709,30/06/14,"3,7",BRADESCO VIDA PREV-SEG.VIDA
9589230,30/06/14,"15,8",CASA DAS FERRAGENS
35622577,30/06/14,"25,69",DROGASIL 086
9589230,30/06/14,14,RECARGA PRE PAGO
24798702,30/06/14,"9,25",RESTAURANTE BOM SABOR
9589230,30/06/14,"33,56",RESTAURANTE DOIS LEOES
35622577,30/06/15,"1085,23",FINAN 18/300
17899571,30/06/15,25,OPCAO LAVA RAPIDO
9589230,30/06/15,14,RECARGA PRE PAGO
35622577,30/06/15,"236,27",SAM S CLUB LJ 6546 P
17899571,30/07/14,25,AQUARIUM AUTO POSTO LT
35622577,30/07/14,"121,3",BRADESCO AUTO  RE S/A
17899571,30/07/14,"29,06",DROGARIA SAO PAULO 1
9589230,30/07/14,"4,75",PANDELLI DELICATESSEN
35622577,30/07/15,"170,33",BRADESCO AUTO  RE S/A
9589230,30/07/15,13,RECARGA CLARO PRE PAGO
9589230,30/07/15,15,RECARGA PRE PAGO
23953783,30/07/15,48,RR ESCAPAMENTOS
17899571,30/09/14,"72,55",ATACADAO 048 AS
19049709,30/09/14,"3,7",BRADESCO VIDA PREV-SEG.VIDA
17899571,30/09/14,"19,6",DROGARIA JUPARANA
35622577,30/09/14,"1096,1",FINAN 9/300
9589230,30/09/14,"68,72",LE BISCUIT
9589230,30/09/14,"88,93",LOJAS AMERICANAS  130
19049709,30/09/14,"7,71",MERCEARIA CAMILA
9589230,30/09/14,50,POSTO PARATI
9589230,30/09/14,47,RESTAURANTE BOIADEIR
35622577,30/09/15,"1084,23",FINANC 1/205
35622577,30/09/15,"0,03",TECNOSOLO
35622577,30/09/15,"1,76",TECNOSOLO
35622577,30/10/14,"121,3",BRADESCO AUTO  RE S/A
35622577,30/10/14,"75,31",BRADESCO VIDA E PREV. - CLUBE
24798702,30/10/14,50,POSTO PARAKI
35622577,30/10/15,81,BRADESCO VIDA E PREV. - CLUBE
22767856,30/11/15,729,AMEX NOV15
17899571,30/11/15,60,AUTO PECAS CAMPANELL
22767856,30/11/15,"489,04",CONDOMINIO NOV15
35622577,30/11/15,"1080,82",FINAN APTO 3/205
22767856,30/11/15,"53,21",PETZ IPIRANGA
23349426,30/11/15,"85,19",TELEFONICA/SP                  
23349426,30/11/15,"84,21",TELEFONICA/SP                  
35622577,30/12/14,"170,33",BRADESCO AUTO  RE S/A
35622577,30/12/14,"1091,06",FINAN 12/300
9589230,30/12/14,45,PRIMUS BAR
35622577,30/12/15,"0,04",TECNOSOLO
35622577,30/12/15,"5,28",TECNOSOLO
17899571,31/03/14,"114,89",ACOUGUE
9589230,31/03/14,"156,24",BOMPRECO BA LJ 075
19049709,31/03/14,"3,7",BRADESCO VIDA PREV-SEG.VIDA
24798702,31/03/14,"25,59",DROGARIA SAO PAULO S
13807668,31/03/14,"20,5",MC DONALDS  PGS
18621297,31/03/14,69,SA METAIS
9904554,31/03/15,"10,29",BRADESCO VIDA PREV-SEG.VIDA
19049709,31/03/15,"5,15",DHESYCA MERCEARIA
17899571,31/03/15,10000,F F PORTO TRANSPORTES
35622577,31/03/15,"1089,79",FINANCIAMENTO 15/300
13807668,31/03/15,10,LUMAR S CANTINA
19049709,31/03/15,"5,09",MERCEARIA CAMILA
19049709,31/03/15,"10,26",MERCEARIA CAMILA
23953783,31/03/16,"24,66",BRILHANTE SUPERMERCA
22767856,31/03/16,"85,09",DIGIPIX S.A
35622577,31/03/16,"1078,16",FINAN 7/205
35622577,31/03/16,"127,62",SAM S CLUB LJ 6546 P
9589230,31/07/14,"236,76",ALUMICENTER COM META
17899571,31/07/14,"95,78",REDE DROGA MILLE
19049709,31/07/15,"3,83",BRADESCO VIDA PREV-SEG.VIDA
22767856,31/07/15,50,CENTRO AUTOMOTIVO FI
35622577,31/07/15,"1084,12",FINAN 19/300
23349426,31/07/15,34,RESTAURANTE JK
22767856,31/08/15,"424,6",ALO BEBE
17899571,31/08/15,"16,5",AUTO POSTO CADILLAC
9589230,31/08/15,"32,64",BOM PRECO B 520 HIPE
19049709,31/08/15,"3,83",BRADESCO VIDA PREV-SEG.VIDA
35622577,31/08/15,"1083,32",FINAN 20/300
17899571,31/08/15,"110,59",ITA SUPERMERCADO
23139853,31/08/15,"38,08",MERCADO J FREITAS
9904554,31/08/15,50,QUATRO AMIGOS POSTO
35622577,31/08/15,"0,07",TECNOSOLO
35622577,31/08/15,"3,52",TECNOSOLO
22767856,31/08/15,70,TREVO SERV AUTOMOTIV
35622577,31/10/14,"1094,58",FINANC. 10/300
35622577,31/10/14,"59,78",PAO DO PARQUE-II
